building_id,street_id,street_name
1,ST-001,Airoli Station Road
2,ST-001,Airoli Station Road
3,ST-002,Altamount Road
4,ST-002,Altamount Road
5,ST-002,Altamount Road
6,ST-002,Altamount Road
7,ST-002,Altamount Road
8,ST-002,Altamount Road
9,ST-002,Altamount Road
10,ST-002,Altamount Road
11,ST-002,Altamount Road
12,ST-002,Altamount Road
18,ST-003,Andheri Kurla Road
19,ST-003,Andheri Kurla Road
20,ST-003,Andheri Kurla Road
21,ST-003,Andheri Kurla Road
22,ST-003,Andheri Kurla Road
23,ST-003,Andheri Kurla Road
24,ST-003,Andheri Kurla Road
25,ST-003,Andheri Kurla Road
26,ST-003,Andheri Kurla Road
27,ST-003,Andheri Kurla Road
28,ST-003,Andheri Kurla Road
29,ST-003,Andheri Kurla Road
30,ST-003,Andheri Kurla Road
31,ST-003,Andheri Kurla Road
32,ST-003,Andheri Kurla Road
33,ST-003,Andheri Kurla Road
34,ST-003,Andheri Kurla Road
35,ST-003,Andheri Kurla Road
36,ST-003,Andheri Kurla Road
37,ST-003,Andheri Kurla Road
38,ST-003,Andheri Kurla Road
39,ST-003,Andheri Kurla Road
40,ST-003,Andheri Kurla Road
41,ST-003,Andheri Kurla Road
42,ST-003,Andheri Kurla Road
43,ST-003,Andheri Kurla Road
44,ST-003,Andheri Kurla Road
45,ST-003,Andheri Kurla Road
46,ST-003,Andheri Kurla Road
47,ST-003,Andheri Kurla Road
48,ST-003,Andheri Kurla Road
49,ST-003,Andheri Kurla Road
50,ST-003,Andheri Kurla Road
51,ST-003,Andheri Kurla Road
52,ST-003,Andheri Kurla Road
53,ST-003,Andheri Kurla Road
54,ST-003,Andheri Kurla Road
55,ST-003,Andheri Kurla Road
56,ST-003,Andheri Kurla Road
57,ST-003,Andheri Kurla Road
58,ST-003,Andheri Kurla Road
59,ST-003,Andheri Kurla Road
60,ST-003,Andheri Kurla Road
61,ST-003,Andheri Kurla Road
62,ST-003,Andheri Kurla Road
63,ST-003,Andheri Kurla Road
64,ST-003,Andheri Kurla Road
65,ST-003,Andheri Kurla Road
66,ST-003,Andheri Kurla Road
67,ST-003,Andheri Kurla Road
68,ST-003,Andheri Kurla Road
69,ST-003,Andheri Kurla Road
70,ST-003,Andheri Kurla Road
71,ST-003,Andheri Kurla Road
72,ST-003,Andheri Kurla Road
73,ST-003,Andheri Kurla Road
74,ST-003,Andheri Kurla Road
75,ST-003,Andheri Kurla Road
76,ST-003,Andheri Kurla Road
77,ST-003,Andheri Kurla Road
78,ST-003,Andheri Kurla Road
79,ST-003,Andheri Kurla Road
80,ST-003,Andheri Kurla Road
81,ST-003,Andheri Kurla Road
82,ST-003,Andheri Kurla Road
83,ST-003,Andheri Kurla Road
84,ST-003,Andheri Kurla Road
85,ST-003,Andheri Kurla Road
86,ST-003,Andheri Kurla Road
87,ST-003,Andheri Kurla Road
88,ST-003,Andheri Kurla Road
89,ST-003,Andheri Kurla Road
90,ST-003,Andheri Kurla Road
91,ST-003,Andheri Kurla Road
92,ST-003,Andheri Kurla Road
93,ST-003,Andheri Kurla Road
94,ST-003,Andheri Kurla Road
95,ST-003,Andheri Kurla Road
96,ST-003,Andheri Kurla Road
97,ST-003,Andheri Kurla Road
98,ST-003,Andheri Kurla Road
99,ST-003,Andheri Kurla Road
100,ST-003,Andheri Kurla Road
101,ST-003,Andheri Kurla Road
102,ST-003,Andheri Kurla Road
103,ST-003,Andheri Kurla Road
104,ST-003,Andheri Kurla Road
105,ST-003,Andheri Kurla Road
106,ST-003,Andheri Kurla Road
107,ST-003,Andheri Kurla Road
108,ST-003,Andheri Kurla Road
109,ST-003,Andheri Kurla Road
110,ST-003,Andheri Kurla Road
111,ST-003,Andheri Kurla Road
112,ST-003,Andheri Kurla Road
113,ST-003,Andheri Kurla Road
114,ST-003,Andheri Kurla Road
115,ST-003,Andheri Kurla Road
116,ST-003,Andheri Kurla Road
117,ST-003,Andheri Kurla Road
118,ST-003,Andheri Kurla Road
119,ST-003,Andheri Kurla Road
120,ST-003,Andheri Kurla Road
121,ST-003,Andheri Kurla Road
122,ST-003,Andheri Kurla Road
123,ST-003,Andheri Kurla Road
124,ST-003,Andheri Kurla Road
125,ST-003,Andheri Kurla Road
126,ST-003,Andheri Kurla Road
127,ST-003,Andheri Kurla Road
128,ST-003,Andheri Kurla Road
129,ST-003,Andheri Kurla Road
130,ST-003,Andheri Kurla Road
131,ST-003,Andheri Kurla Road
132,ST-003,Andheri Kurla Road
133,ST-003,Andheri Kurla Road
134,ST-003,Andheri Kurla Road
135,ST-003,Andheri Kurla Road
136,ST-003,Andheri Kurla Road
137,ST-003,Andheri Kurla Road
138,ST-003,Andheri Kurla Road
139,ST-003,Andheri Kurla Road
140,ST-003,Andheri Kurla Road
141,ST-003,Andheri Kurla Road
142,ST-003,Andheri Kurla Road
143,ST-003,Andheri Kurla Road
144,ST-003,Andheri Kurla Road
145,ST-003,Andheri Kurla Road
146,ST-003,Andheri Kurla Road
147,ST-003,Andheri Kurla Road
148,ST-003,Andheri Kurla Road
149,ST-003,Andheri Kurla Road
150,ST-003,Andheri Kurla Road
151,ST-003,Andheri Kurla Road
152,ST-003,Andheri Kurla Road
153,ST-003,Andheri Kurla Road
154,ST-003,Andheri Kurla Road
155,ST-003,Andheri Kurla Road
156,ST-003,Andheri Kurla Road
157,ST-003,Andheri Kurla Road
158,ST-003,Andheri Kurla Road
159,ST-003,Andheri Kurla Road
160,ST-003,Andheri Kurla Road
161,ST-003,Andheri Kurla Road
162,ST-003,Andheri Kurla Road
163,ST-003,Andheri Kurla Road
164,ST-003,Andheri Kurla Road
165,ST-003,Andheri Kurla Road
166,ST-003,Andheri Kurla Road
167,ST-003,Andheri Kurla Road
168,ST-003,Andheri Kurla Road
819,ST-006,Bandra Kurla Complex Road
820,ST-006,Bandra Kurla Complex Road
821,ST-006,Bandra Kurla Complex Road
822,ST-006,Bandra Kurla Complex Road
823,ST-006,Bandra Kurla Complex Road
824,ST-006,Bandra Kurla Complex Road
825,ST-006,Bandra Kurla Complex Road
826,ST-006,Bandra Kurla Complex Road
827,ST-006,Bandra Kurla Complex Road
828,ST-006,Bandra Kurla Complex Road
829,ST-006,Bandra Kurla Complex Road
830,ST-006,Bandra Kurla Complex Road
831,ST-006,Bandra Kurla Complex Road
832,ST-006,Bandra Kurla Complex Road
833,ST-006,Bandra Kurla Complex Road
834,ST-006,Bandra Kurla Complex Road
835,ST-006,Bandra Kurla Complex Road
836,ST-006,Bandra Kurla Complex Road
837,ST-006,Bandra Kurla Complex Road
838,ST-006,Bandra Kurla Complex Road
873,ST-006,Bandra Kurla Complex Road
874,ST-006,Bandra Kurla Complex Road
875,ST-006,Bandra Kurla Complex Road
876,ST-006,Bandra Kurla Complex Road
877,ST-006,Bandra Kurla Complex Road
878,ST-006,Bandra Kurla Complex Road
879,ST-006,Bandra Kurla Complex Road
880,ST-006,Bandra Kurla Complex Road
881,ST-006,Bandra Kurla Complex Road
882,ST-006,Bandra Kurla Complex Road
883,ST-006,Bandra Kurla Complex Road
884,ST-006,Bandra Kurla Complex Road
885,ST-006,Bandra Kurla Complex Road
886,ST-006,Bandra Kurla Complex Road
887,ST-006,Bandra Kurla Complex Road
888,ST-006,Bandra Kurla Complex Road
889,ST-006,Bandra Kurla Complex Road
890,ST-006,Bandra Kurla Complex Road
891,ST-006,Bandra Kurla Complex Road
892,ST-006,Bandra Kurla Complex Road
893,ST-006,Bandra Kurla Complex Road
894,ST-006,Bandra Kurla Complex Road
895,ST-006,Bandra Kurla Complex Road
896,ST-006,Bandra Kurla Complex Road
897,ST-006,Bandra Kurla Complex Road
898,ST-006,Bandra Kurla Complex Road
899,ST-006,Bandra Kurla Complex Road
900,ST-006,Bandra Kurla Complex Road
901,ST-006,Bandra Kurla Complex Road
902,ST-006,Bandra Kurla Complex Road
903,ST-006,Bandra Kurla Complex Road
904,ST-006,Bandra Kurla Complex Road
905,ST-006,Bandra Kurla Complex Road
906,ST-006,Bandra Kurla Complex Road
907,ST-006,Bandra Kurla Complex Road
908,ST-006,Bandra Kurla Complex Road
909,ST-006,Bandra Kurla Complex Road
910,ST-006,Bandra Kurla Complex Road
911,ST-006,Bandra Kurla Complex Road
912,ST-006,Bandra Kurla Complex Road
913,ST-006,Bandra Kurla Complex Road
914,ST-006,Bandra Kurla Complex Road
915,ST-006,Bandra Kurla Complex Road
916,ST-006,Bandra Kurla Complex Road
917,ST-006,Bandra Kurla Complex Road
918,ST-006,Bandra Kurla Complex Road
919,ST-006,Bandra Kurla Complex Road
920,ST-006,Bandra Kurla Complex Road
921,ST-006,Bandra Kurla Complex Road
922,ST-006,Bandra Kurla Complex Road
923,ST-006,Bandra Kurla Complex Road
924,ST-006,Bandra Kurla Complex Road
925,ST-006,Bandra Kurla Complex Road
926,ST-006,Bandra Kurla Complex Road
2635,ST-006,Bandra Kurla Complex Road
2636,ST-006,Bandra Kurla Complex Road
2637,ST-006,Bandra Kurla Complex Road
2638,ST-006,Bandra Kurla Complex Road
2639,ST-006,Bandra Kurla Complex Road
2640,ST-006,Bandra Kurla Complex Road
2641,ST-006,Bandra Kurla Complex Road
2642,ST-006,Bandra Kurla Complex Road
2966,ST-007,Bhandarkar Road
2967,ST-007,Bhandarkar Road
2968,ST-007,Bhandarkar Road
2969,ST-007,Bhandarkar Road
2970,ST-007,Bhandarkar Road
2971,ST-007,Bhandarkar Road
2972,ST-007,Bhandarkar Road
2973,ST-007,Bhandarkar Road
2974,ST-007,Bhandarkar Road
2975,ST-007,Bhandarkar Road
2976,ST-007,Bhandarkar Road
2977,ST-007,Bhandarkar Road
2978,ST-007,Bhandarkar Road
2979,ST-007,Bhandarkar Road
2980,ST-007,Bhandarkar Road
2981,ST-007,Bhandarkar Road
2982,ST-007,Bhandarkar Road
2983,ST-007,Bhandarkar Road
2984,ST-007,Bhandarkar Road
2985,ST-007,Bhandarkar Road
2986,ST-007,Bhandarkar Road
2987,ST-007,Bhandarkar Road
1457,ST-009,Breach Candy
1458,ST-009,Breach Candy
1459,ST-009,Breach Candy
1460,ST-009,Breach Candy
1461,ST-009,Breach Candy
1462,ST-009,Breach Candy
1463,ST-009,Breach Candy
1464,ST-009,Breach Candy
1465,ST-009,Breach Candy
1466,ST-009,Breach Candy
1467,ST-009,Breach Candy
1468,ST-009,Breach Candy
1469,ST-009,Breach Candy
1470,ST-009,Breach Candy
1471,ST-009,Breach Candy
1472,ST-009,Breach Candy
1473,ST-009,Breach Candy
1474,ST-009,Breach Candy
1475,ST-009,Breach Candy
1476,ST-009,Breach Candy
1477,ST-009,Breach Candy
1478,ST-009,Breach Candy
1479,ST-009,Breach Candy
1480,ST-009,Breach Candy
1481,ST-009,Breach Candy
1482,ST-009,Breach Candy
1483,ST-009,Breach Candy
1484,ST-009,Breach Candy
1485,ST-009,Breach Candy
1486,ST-009,Breach Candy
1487,ST-009,Breach Candy
1488,ST-009,Breach Candy
1489,ST-009,Breach Candy
1490,ST-009,Breach Candy
1491,ST-009,Breach Candy
1492,ST-009,Breach Candy
1493,ST-009,Breach Candy
1494,ST-009,Breach Candy
1495,ST-009,Breach Candy
1496,ST-009,Breach Candy
1497,ST-009,Breach Candy
1498,ST-009,Breach Candy
1517,ST-010,Carmichael Road
1518,ST-010,Carmichael Road
1519,ST-010,Carmichael Road
1520,ST-010,Carmichael Road
1521,ST-010,Carmichael Road
1626,ST-013,Cuffe Parade
1627,ST-013,Cuffe Parade
1628,ST-013,Cuffe Parade
1629,ST-013,Cuffe Parade
1630,ST-013,Cuffe Parade
1631,ST-013,Cuffe Parade
1632,ST-013,Cuffe Parade
1633,ST-013,Cuffe Parade
1634,ST-013,Cuffe Parade
1635,ST-013,Cuffe Parade
1636,ST-013,Cuffe Parade
1637,ST-013,Cuffe Parade
1638,ST-013,Cuffe Parade
1639,ST-013,Cuffe Parade
1640,ST-013,Cuffe Parade
1641,ST-013,Cuffe Parade
1642,ST-013,Cuffe Parade
1643,ST-013,Cuffe Parade
1644,ST-013,Cuffe Parade
1645,ST-013,Cuffe Parade
1646,ST-013,Cuffe Parade
1647,ST-013,Cuffe Parade
1648,ST-013,Cuffe Parade
1649,ST-013,Cuffe Parade
1650,ST-013,Cuffe Parade
1526,ST-015,Eastern Express Highway
1527,ST-015,Eastern Express Highway
1528,ST-015,Eastern Express Highway
1529,ST-015,Eastern Express Highway
1530,ST-015,Eastern Express Highway
1531,ST-015,Eastern Express Highway
1532,ST-015,Eastern Express Highway
1533,ST-015,Eastern Express Highway
1534,ST-015,Eastern Express Highway
1535,ST-015,Eastern Express Highway
1536,ST-015,Eastern Express Highway
1537,ST-015,Eastern Express Highway
1538,ST-015,Eastern Express Highway
1539,ST-015,Eastern Express Highway
1540,ST-015,Eastern Express Highway
1541,ST-015,Eastern Express Highway
1542,ST-015,Eastern Express Highway
1543,ST-015,Eastern Express Highway
1544,ST-015,Eastern Express Highway
1545,ST-015,Eastern Express Highway
1546,ST-015,Eastern Express Highway
1547,ST-015,Eastern Express Highway
1548,ST-015,Eastern Express Highway
1549,ST-015,Eastern Express Highway
1550,ST-015,Eastern Express Highway
1551,ST-015,Eastern Express Highway
1552,ST-015,Eastern Express Highway
1553,ST-015,Eastern Express Highway
1554,ST-015,Eastern Express Highway
1555,ST-015,Eastern Express Highway
1556,ST-015,Eastern Express Highway
1557,ST-015,Eastern Express Highway
1558,ST-015,Eastern Express Highway
1559,ST-015,Eastern Express Highway
1560,ST-015,Eastern Express Highway
1561,ST-015,Eastern Express Highway
1562,ST-015,Eastern Express Highway
1563,ST-015,Eastern Express Highway
1564,ST-015,Eastern Express Highway
1565,ST-015,Eastern Express Highway
1566,ST-015,Eastern Express Highway
1567,ST-015,Eastern Express Highway
1568,ST-015,Eastern Express Highway
1569,ST-015,Eastern Express Highway
1570,ST-015,Eastern Express Highway
1571,ST-015,Eastern Express Highway
1572,ST-015,Eastern Express Highway
1573,ST-015,Eastern Express Highway
1574,ST-015,Eastern Express Highway
1575,ST-015,Eastern Express Highway
1576,ST-015,Eastern Express Highway
1577,ST-015,Eastern Express Highway
1578,ST-015,Eastern Express Highway
1579,ST-015,Eastern Express Highway
1580,ST-015,Eastern Express Highway
1723,ST-015,Eastern Express Highway
1724,ST-015,Eastern Express Highway
1725,ST-015,Eastern Express Highway
1726,ST-015,Eastern Express Highway
1727,ST-015,Eastern Express Highway
1728,ST-015,Eastern Express Highway
1729,ST-015,Eastern Express Highway
1730,ST-015,Eastern Express Highway
1731,ST-015,Eastern Express Highway
1732,ST-015,Eastern Express Highway
1733,ST-015,Eastern Express Highway
1734,ST-015,Eastern Express Highway
1735,ST-015,Eastern Express Highway
1736,ST-015,Eastern Express Highway
1737,ST-015,Eastern Express Highway
1761,ST-016,Ghansoli Station Road
1762,ST-016,Ghansoli Station Road
1763,ST-016,Ghansoli Station Road
1764,ST-016,Ghansoli Station Road
1765,ST-016,Ghansoli Station Road
1766,ST-016,Ghansoli Station Road
1767,ST-016,Ghansoli Station Road
1768,ST-016,Ghansoli Station Road
1769,ST-016,Ghansoli Station Road
3827,ST-017,Ghoda Bunder Road
3828,ST-017,Ghoda Bunder Road
3829,ST-017,Ghoda Bunder Road
3830,ST-017,Ghoda Bunder Road
3831,ST-017,Ghoda Bunder Road
3832,ST-017,Ghoda Bunder Road
3833,ST-017,Ghoda Bunder Road
3834,ST-017,Ghoda Bunder Road
3835,ST-017,Ghoda Bunder Road
3836,ST-017,Ghoda Bunder Road
3837,ST-017,Ghoda Bunder Road
3838,ST-017,Ghoda Bunder Road
3839,ST-017,Ghoda Bunder Road
3840,ST-017,Ghoda Bunder Road
3841,ST-017,Ghoda Bunder Road
3842,ST-017,Ghoda Bunder Road
3843,ST-017,Ghoda Bunder Road
3844,ST-017,Ghoda Bunder Road
3845,ST-017,Ghoda Bunder Road
3846,ST-017,Ghoda Bunder Road
3847,ST-017,Ghoda Bunder Road
3848,ST-017,Ghoda Bunder Road
3849,ST-017,Ghoda Bunder Road
3850,ST-017,Ghoda Bunder Road
3851,ST-017,Ghoda Bunder Road
3852,ST-017,Ghoda Bunder Road
3853,ST-017,Ghoda Bunder Road
3854,ST-017,Ghoda Bunder Road
3855,ST-017,Ghoda Bunder Road
3856,ST-017,Ghoda Bunder Road
3857,ST-017,Ghoda Bunder Road
3858,ST-017,Ghoda Bunder Road
3859,ST-017,Ghoda Bunder Road
3860,ST-017,Ghoda Bunder Road
3861,ST-017,Ghoda Bunder Road
3862,ST-017,Ghoda Bunder Road
3863,ST-017,Ghoda Bunder Road
3864,ST-017,Ghoda Bunder Road
3865,ST-017,Ghoda Bunder Road
3866,ST-017,Ghoda Bunder Road
3867,ST-017,Ghoda Bunder Road
3868,ST-017,Ghoda Bunder Road
3869,ST-017,Ghoda Bunder Road
3870,ST-017,Ghoda Bunder Road
3871,ST-017,Ghoda Bunder Road
3872,ST-017,Ghoda Bunder Road
3873,ST-017,Ghoda Bunder Road
3874,ST-017,Ghoda Bunder Road
3875,ST-017,Ghoda Bunder Road
3876,ST-017,Ghoda Bunder Road
3877,ST-017,Ghoda Bunder Road
3878,ST-017,Ghoda Bunder Road
3879,ST-017,Ghoda Bunder Road
3880,ST-017,Ghoda Bunder Road
3881,ST-017,Ghoda Bunder Road
3882,ST-017,Ghoda Bunder Road
3883,ST-017,Ghoda Bunder Road
3884,ST-017,Ghoda Bunder Road
3885,ST-017,Ghoda Bunder Road
3886,ST-017,Ghoda Bunder Road
3887,ST-017,Ghoda Bunder Road
3888,ST-017,Ghoda Bunder Road
3889,ST-017,Ghoda Bunder Road
3890,ST-017,Ghoda Bunder Road
3891,ST-017,Ghoda Bunder Road
3892,ST-017,Ghoda Bunder Road
3893,ST-017,Ghoda Bunder Road
3894,ST-017,Ghoda Bunder Road
3895,ST-017,Ghoda Bunder Road
3896,ST-017,Ghoda Bunder Road
3897,ST-017,Ghoda Bunder Road
3898,ST-017,Ghoda Bunder Road
3899,ST-017,Ghoda Bunder Road
3900,ST-017,Ghoda Bunder Road
3901,ST-017,Ghoda Bunder Road
3902,ST-017,Ghoda Bunder Road
3903,ST-017,Ghoda Bunder Road
3904,ST-017,Ghoda Bunder Road
3905,ST-017,Ghoda Bunder Road
3906,ST-017,Ghoda Bunder Road
3907,ST-017,Ghoda Bunder Road
3908,ST-017,Ghoda Bunder Road
3909,ST-017,Ghoda Bunder Road
3910,ST-017,Ghoda Bunder Road
3911,ST-017,Ghoda Bunder Road
3912,ST-017,Ghoda Bunder Road
3913,ST-017,Ghoda Bunder Road
3914,ST-017,Ghoda Bunder Road
3915,ST-017,Ghoda Bunder Road
3916,ST-017,Ghoda Bunder Road
3917,ST-017,Ghoda Bunder Road
3918,ST-017,Ghoda Bunder Road
3919,ST-017,Ghoda Bunder Road
3920,ST-017,Ghoda Bunder Road
3921,ST-017,Ghoda Bunder Road
3922,ST-017,Ghoda Bunder Road
3923,ST-017,Ghoda Bunder Road
3924,ST-017,Ghoda Bunder Road
3925,ST-017,Ghoda Bunder Road
3926,ST-017,Ghoda Bunder Road
3927,ST-017,Ghoda Bunder Road
3928,ST-017,Ghoda Bunder Road
3929,ST-017,Ghoda Bunder Road
3930,ST-017,Ghoda Bunder Road
3931,ST-017,Ghoda Bunder Road
3932,ST-017,Ghoda Bunder Road
3933,ST-017,Ghoda Bunder Road
3934,ST-017,Ghoda Bunder Road
3935,ST-017,Ghoda Bunder Road
3936,ST-017,Ghoda Bunder Road
3937,ST-017,Ghoda Bunder Road
3938,ST-017,Ghoda Bunder Road
3939,ST-017,Ghoda Bunder Road
3940,ST-017,Ghoda Bunder Road
3941,ST-017,Ghoda Bunder Road
3942,ST-017,Ghoda Bunder Road
3943,ST-017,Ghoda Bunder Road
3944,ST-017,Ghoda Bunder Road
3945,ST-017,Ghoda Bunder Road
3946,ST-017,Ghoda Bunder Road
3947,ST-017,Ghoda Bunder Road
3948,ST-017,Ghoda Bunder Road
3949,ST-017,Ghoda Bunder Road
3950,ST-017,Ghoda Bunder Road
3951,ST-017,Ghoda Bunder Road
3952,ST-017,Ghoda Bunder Road
3953,ST-017,Ghoda Bunder Road
3954,ST-017,Ghoda Bunder Road
3955,ST-017,Ghoda Bunder Road
3956,ST-017,Ghoda Bunder Road
3957,ST-017,Ghoda Bunder Road
3958,ST-017,Ghoda Bunder Road
3959,ST-017,Ghoda Bunder Road
3960,ST-017,Ghoda Bunder Road
3961,ST-017,Ghoda Bunder Road
3962,ST-017,Ghoda Bunder Road
3963,ST-017,Ghoda Bunder Road
3964,ST-017,Ghoda Bunder Road
3965,ST-017,Ghoda Bunder Road
3966,ST-017,Ghoda Bunder Road
3967,ST-017,Ghoda Bunder Road
3968,ST-017,Ghoda Bunder Road
3969,ST-017,Ghoda Bunder Road
3970,ST-017,Ghoda Bunder Road
3971,ST-017,Ghoda Bunder Road
3972,ST-017,Ghoda Bunder Road
3973,ST-017,Ghoda Bunder Road
3974,ST-017,Ghoda Bunder Road
3975,ST-017,Ghoda Bunder Road
3976,ST-017,Ghoda Bunder Road
3977,ST-017,Ghoda Bunder Road
3978,ST-017,Ghoda Bunder Road
3979,ST-017,Ghoda Bunder Road
3980,ST-017,Ghoda Bunder Road
3981,ST-017,Ghoda Bunder Road
3982,ST-017,Ghoda Bunder Road
3983,ST-017,Ghoda Bunder Road
3984,ST-017,Ghoda Bunder Road
3985,ST-017,Ghoda Bunder Road
3986,ST-017,Ghoda Bunder Road
3987,ST-017,Ghoda Bunder Road
3988,ST-017,Ghoda Bunder Road
3989,ST-017,Ghoda Bunder Road
3990,ST-017,Ghoda Bunder Road
3991,ST-017,Ghoda Bunder Road
3992,ST-017,Ghoda Bunder Road
3993,ST-017,Ghoda Bunder Road
3994,ST-017,Ghoda Bunder Road
3995,ST-017,Ghoda Bunder Road
3996,ST-017,Ghoda Bunder Road
3997,ST-017,Ghoda Bunder Road
3998,ST-017,Ghoda Bunder Road
3999,ST-017,Ghoda Bunder Road
4000,ST-017,Ghoda Bunder Road
4001,ST-017,Ghoda Bunder Road
4002,ST-017,Ghoda Bunder Road
4003,ST-017,Ghoda Bunder Road
4004,ST-017,Ghoda Bunder Road
4005,ST-017,Ghoda Bunder Road
4006,ST-017,Ghoda Bunder Road
4007,ST-017,Ghoda Bunder Road
4008,ST-017,Ghoda Bunder Road
4009,ST-017,Ghoda Bunder Road
4010,ST-017,Ghoda Bunder Road
4011,ST-017,Ghoda Bunder Road
4012,ST-017,Ghoda Bunder Road
4013,ST-017,Ghoda Bunder Road
4014,ST-017,Ghoda Bunder Road
4015,ST-017,Ghoda Bunder Road
4016,ST-017,Ghoda Bunder Road
4017,ST-017,Ghoda Bunder Road
4018,ST-017,Ghoda Bunder Road
4019,ST-017,Ghoda Bunder Road
4020,ST-017,Ghoda Bunder Road
4021,ST-017,Ghoda Bunder Road
4022,ST-017,Ghoda Bunder Road
4023,ST-017,Ghoda Bunder Road
4024,ST-017,Ghoda Bunder Road
4025,ST-017,Ghoda Bunder Road
4026,ST-017,Ghoda Bunder Road
4027,ST-017,Ghoda Bunder Road
4028,ST-017,Ghoda Bunder Road
4029,ST-017,Ghoda Bunder Road
4030,ST-017,Ghoda Bunder Road
4031,ST-017,Ghoda Bunder Road
4032,ST-017,Ghoda Bunder Road
4033,ST-017,Ghoda Bunder Road
4034,ST-017,Ghoda Bunder Road
4035,ST-017,Ghoda Bunder Road
4036,ST-017,Ghoda Bunder Road
4037,ST-017,Ghoda Bunder Road
1977,ST-018,Grant Road
1978,ST-018,Grant Road
1979,ST-018,Grant Road
1980,ST-018,Grant Road
1981,ST-018,Grant Road
1982,ST-018,Grant Road
1983,ST-018,Grant Road
1984,ST-018,Grant Road
1985,ST-018,Grant Road
1986,ST-018,Grant Road
1987,ST-018,Grant Road
1988,ST-018,Grant Road
1989,ST-018,Grant Road
1990,ST-018,Grant Road
840,ST-019,Hill Road
841,ST-019,Hill Road
842,ST-019,Hill Road
843,ST-019,Hill Road
844,ST-019,Hill Road
845,ST-019,Hill Road
846,ST-019,Hill Road
847,ST-019,Hill Road
848,ST-019,Hill Road
849,ST-019,Hill Road
850,ST-019,Hill Road
851,ST-019,Hill Road
852,ST-019,Hill Road
853,ST-019,Hill Road
854,ST-019,Hill Road
855,ST-019,Hill Road
856,ST-019,Hill Road
857,ST-019,Hill Road
858,ST-019,Hill Road
859,ST-019,Hill Road
860,ST-019,Hill Road
861,ST-019,Hill Road
862,ST-019,Hill Road
863,ST-019,Hill Road
864,ST-019,Hill Road
865,ST-019,Hill Road
866,ST-019,Hill Road
867,ST-019,Hill Road
868,ST-019,Hill Road
869,ST-019,Hill Road
870,ST-019,Hill Road
871,ST-019,Hill Road
927,ST-019,Hill Road
928,ST-019,Hill Road
929,ST-019,Hill Road
930,ST-019,Hill Road
931,ST-019,Hill Road
932,ST-019,Hill Road
933,ST-019,Hill Road
934,ST-019,Hill Road
935,ST-019,Hill Road
936,ST-019,Hill Road
937,ST-019,Hill Road
938,ST-019,Hill Road
939,ST-019,Hill Road
940,ST-019,Hill Road
941,ST-019,Hill Road
942,ST-019,Hill Road
943,ST-019,Hill Road
944,ST-019,Hill Road
945,ST-019,Hill Road
946,ST-019,Hill Road
947,ST-019,Hill Road
948,ST-019,Hill Road
949,ST-019,Hill Road
950,ST-019,Hill Road
951,ST-019,Hill Road
952,ST-019,Hill Road
953,ST-019,Hill Road
954,ST-019,Hill Road
955,ST-019,Hill Road
956,ST-019,Hill Road
957,ST-019,Hill Road
958,ST-019,Hill Road
959,ST-019,Hill Road
960,ST-019,Hill Road
961,ST-019,Hill Road
962,ST-019,Hill Road
963,ST-019,Hill Road
964,ST-019,Hill Road
965,ST-019,Hill Road
966,ST-019,Hill Road
967,ST-019,Hill Road
968,ST-019,Hill Road
969,ST-019,Hill Road
970,ST-019,Hill Road
971,ST-019,Hill Road
972,ST-019,Hill Road
973,ST-019,Hill Road
974,ST-019,Hill Road
975,ST-019,Hill Road
976,ST-019,Hill Road
977,ST-019,Hill Road
978,ST-019,Hill Road
979,ST-019,Hill Road
980,ST-019,Hill Road
981,ST-019,Hill Road
982,ST-019,Hill Road
983,ST-019,Hill Road
984,ST-019,Hill Road
985,ST-019,Hill Road
986,ST-019,Hill Road
987,ST-019,Hill Road
988,ST-019,Hill Road
989,ST-019,Hill Road
990,ST-019,Hill Road
991,ST-019,Hill Road
992,ST-019,Hill Road
993,ST-019,Hill Road
994,ST-019,Hill Road
995,ST-019,Hill Road
996,ST-019,Hill Road
997,ST-019,Hill Road
998,ST-019,Hill Road
999,ST-019,Hill Road
1000,ST-019,Hill Road
1001,ST-019,Hill Road
1002,ST-019,Hill Road
1003,ST-019,Hill Road
1004,ST-019,Hill Road
1005,ST-019,Hill Road
1006,ST-019,Hill Road
1007,ST-019,Hill Road
1008,ST-019,Hill Road
1009,ST-019,Hill Road
1010,ST-019,Hill Road
1011,ST-019,Hill Road
1012,ST-019,Hill Road
1013,ST-019,Hill Road
1014,ST-019,Hill Road
1015,ST-019,Hill Road
1016,ST-019,Hill Road
1017,ST-019,Hill Road
1018,ST-019,Hill Road
1019,ST-019,Hill Road
1020,ST-019,Hill Road
1021,ST-019,Hill Road
1022,ST-019,Hill Road
1023,ST-019,Hill Road
1024,ST-019,Hill Road
1025,ST-019,Hill Road
1026,ST-019,Hill Road
1027,ST-019,Hill Road
1028,ST-019,Hill Road
1029,ST-019,Hill Road
1030,ST-019,Hill Road
1031,ST-019,Hill Road
1032,ST-019,Hill Road
1033,ST-019,Hill Road
1034,ST-019,Hill Road
1035,ST-019,Hill Road
1036,ST-019,Hill Road
1037,ST-019,Hill Road
1038,ST-019,Hill Road
1039,ST-019,Hill Road
1040,ST-019,Hill Road
1041,ST-019,Hill Road
1042,ST-019,Hill Road
1043,ST-019,Hill Road
1044,ST-019,Hill Road
1045,ST-019,Hill Road
1046,ST-019,Hill Road
1047,ST-019,Hill Road
1048,ST-019,Hill Road
1049,ST-019,Hill Road
1050,ST-019,Hill Road
1051,ST-019,Hill Road
1052,ST-019,Hill Road
1053,ST-019,Hill Road
1054,ST-019,Hill Road
1055,ST-019,Hill Road
1056,ST-019,Hill Road
1057,ST-019,Hill Road
1058,ST-019,Hill Road
1059,ST-019,Hill Road
1060,ST-019,Hill Road
1061,ST-019,Hill Road
1062,ST-019,Hill Road
1063,ST-019,Hill Road
1064,ST-019,Hill Road
1065,ST-019,Hill Road
1066,ST-019,Hill Road
1067,ST-019,Hill Road
1068,ST-019,Hill Road
1069,ST-019,Hill Road
1070,ST-019,Hill Road
1071,ST-019,Hill Road
1072,ST-019,Hill Road
1073,ST-019,Hill Road
1074,ST-019,Hill Road
1075,ST-019,Hill Road
1076,ST-019,Hill Road
1077,ST-019,Hill Road
1078,ST-019,Hill Road
1079,ST-019,Hill Road
1080,ST-019,Hill Road
1081,ST-019,Hill Road
1082,ST-019,Hill Road
1083,ST-019,Hill Road
1084,ST-019,Hill Road
1085,ST-019,Hill Road
1086,ST-019,Hill Road
1087,ST-019,Hill Road
1088,ST-019,Hill Road
1089,ST-019,Hill Road
1090,ST-019,Hill Road
1091,ST-019,Hill Road
1092,ST-019,Hill Road
1093,ST-019,Hill Road
1094,ST-019,Hill Road
1095,ST-019,Hill Road
1096,ST-019,Hill Road
1097,ST-019,Hill Road
1098,ST-019,Hill Road
1099,ST-019,Hill Road
1100,ST-019,Hill Road
1101,ST-019,Hill Road
1102,ST-019,Hill Road
1103,ST-019,Hill Road
1104,ST-019,Hill Road
1105,ST-019,Hill Road
1106,ST-019,Hill Road
1107,ST-019,Hill Road
1108,ST-019,Hill Road
1109,ST-019,Hill Road
1110,ST-019,Hill Road
1111,ST-019,Hill Road
1112,ST-019,Hill Road
1113,ST-019,Hill Road
1114,ST-019,Hill Road
1115,ST-019,Hill Road
1116,ST-019,Hill Road
1117,ST-019,Hill Road
1118,ST-019,Hill Road
1119,ST-019,Hill Road
1120,ST-019,Hill Road
1121,ST-019,Hill Road
1122,ST-019,Hill Road
1123,ST-019,Hill Road
1124,ST-019,Hill Road
1125,ST-019,Hill Road
1126,ST-019,Hill Road
1127,ST-019,Hill Road
1128,ST-019,Hill Road
1129,ST-019,Hill Road
1130,ST-019,Hill Road
1131,ST-019,Hill Road
1132,ST-019,Hill Road
1133,ST-019,Hill Road
1134,ST-019,Hill Road
1135,ST-019,Hill Road
1136,ST-019,Hill Road
1137,ST-019,Hill Road
1138,ST-019,Hill Road
1139,ST-019,Hill Road
1140,ST-019,Hill Road
1141,ST-019,Hill Road
1142,ST-019,Hill Road
1143,ST-019,Hill Road
1144,ST-019,Hill Road
1145,ST-019,Hill Road
1146,ST-019,Hill Road
1147,ST-019,Hill Road
1148,ST-019,Hill Road
1149,ST-019,Hill Road
1150,ST-019,Hill Road
1151,ST-019,Hill Road
1152,ST-019,Hill Road
1153,ST-019,Hill Road
1154,ST-019,Hill Road
1155,ST-019,Hill Road
1156,ST-019,Hill Road
1157,ST-019,Hill Road
1158,ST-019,Hill Road
1159,ST-019,Hill Road
1160,ST-019,Hill Road
1161,ST-019,Hill Road
1162,ST-019,Hill Road
1163,ST-019,Hill Road
1164,ST-019,Hill Road
1165,ST-019,Hill Road
1166,ST-019,Hill Road
1167,ST-019,Hill Road
1168,ST-019,Hill Road
1169,ST-019,Hill Road
1170,ST-019,Hill Road
1171,ST-019,Hill Road
1172,ST-019,Hill Road
1173,ST-019,Hill Road
1174,ST-019,Hill Road
1175,ST-019,Hill Road
1176,ST-019,Hill Road
1177,ST-019,Hill Road
1178,ST-019,Hill Road
1179,ST-019,Hill Road
1180,ST-019,Hill Road
1181,ST-019,Hill Road
1182,ST-019,Hill Road
1183,ST-019,Hill Road
1184,ST-019,Hill Road
1185,ST-019,Hill Road
1186,ST-019,Hill Road
1187,ST-019,Hill Road
1188,ST-019,Hill Road
1189,ST-019,Hill Road
1190,ST-019,Hill Road
1191,ST-019,Hill Road
1192,ST-019,Hill Road
1193,ST-019,Hill Road
1194,ST-019,Hill Road
1195,ST-019,Hill Road
1196,ST-019,Hill Road
1197,ST-019,Hill Road
1198,ST-019,Hill Road
1199,ST-019,Hill Road
1200,ST-019,Hill Road
1201,ST-019,Hill Road
1202,ST-019,Hill Road
1203,ST-019,Hill Road
1204,ST-019,Hill Road
1205,ST-019,Hill Road
1206,ST-019,Hill Road
1207,ST-019,Hill Road
1208,ST-019,Hill Road
1209,ST-019,Hill Road
1210,ST-019,Hill Road
1211,ST-019,Hill Road
1212,ST-019,Hill Road
1213,ST-019,Hill Road
1214,ST-019,Hill Road
1215,ST-019,Hill Road
1216,ST-019,Hill Road
1217,ST-019,Hill Road
1218,ST-019,Hill Road
1219,ST-019,Hill Road
1220,ST-019,Hill Road
1221,ST-019,Hill Road
1222,ST-019,Hill Road
1223,ST-019,Hill Road
1224,ST-019,Hill Road
1225,ST-019,Hill Road
1226,ST-019,Hill Road
1227,ST-019,Hill Road
1228,ST-019,Hill Road
1229,ST-019,Hill Road
1230,ST-019,Hill Road
1231,ST-019,Hill Road
1232,ST-019,Hill Road
1233,ST-019,Hill Road
1234,ST-019,Hill Road
1235,ST-019,Hill Road
1236,ST-019,Hill Road
1237,ST-019,Hill Road
1238,ST-019,Hill Road
1239,ST-019,Hill Road
1240,ST-019,Hill Road
1241,ST-019,Hill Road
1242,ST-019,Hill Road
1243,ST-019,Hill Road
1244,ST-019,Hill Road
1245,ST-019,Hill Road
1246,ST-019,Hill Road
1247,ST-019,Hill Road
1248,ST-019,Hill Road
1249,ST-019,Hill Road
1250,ST-019,Hill Road
1251,ST-019,Hill Road
1252,ST-019,Hill Road
1253,ST-019,Hill Road
1254,ST-019,Hill Road
1255,ST-019,Hill Road
1256,ST-019,Hill Road
1257,ST-019,Hill Road
1258,ST-019,Hill Road
1259,ST-019,Hill Road
1260,ST-019,Hill Road
1261,ST-019,Hill Road
1262,ST-019,Hill Road
1263,ST-019,Hill Road
1264,ST-019,Hill Road
1265,ST-019,Hill Road
1266,ST-019,Hill Road
1267,ST-019,Hill Road
1268,ST-019,Hill Road
1269,ST-019,Hill Road
1270,ST-019,Hill Road
1271,ST-019,Hill Road
1272,ST-019,Hill Road
1273,ST-019,Hill Road
1274,ST-019,Hill Road
1275,ST-019,Hill Road
1276,ST-019,Hill Road
1277,ST-019,Hill Road
1278,ST-019,Hill Road
1279,ST-019,Hill Road
1280,ST-019,Hill Road
1281,ST-019,Hill Road
1282,ST-019,Hill Road
1283,ST-019,Hill Road
1284,ST-019,Hill Road
1285,ST-019,Hill Road
1286,ST-019,Hill Road
1287,ST-019,Hill Road
1288,ST-019,Hill Road
1289,ST-019,Hill Road
1290,ST-019,Hill Road
1291,ST-019,Hill Road
1292,ST-019,Hill Road
1293,ST-019,Hill Road
1294,ST-019,Hill Road
1295,ST-019,Hill Road
1296,ST-019,Hill Road
1297,ST-019,Hill Road
1298,ST-019,Hill Road
1299,ST-019,Hill Road
1300,ST-019,Hill Road
1301,ST-019,Hill Road
1302,ST-019,Hill Road
1303,ST-019,Hill Road
1304,ST-019,Hill Road
1305,ST-019,Hill Road
1306,ST-019,Hill Road
1307,ST-019,Hill Road
1308,ST-019,Hill Road
1309,ST-019,Hill Road
1310,ST-019,Hill Road
1311,ST-019,Hill Road
1312,ST-019,Hill Road
1313,ST-019,Hill Road
1314,ST-019,Hill Road
1315,ST-019,Hill Road
1316,ST-019,Hill Road
1317,ST-019,Hill Road
1318,ST-019,Hill Road
1319,ST-019,Hill Road
1320,ST-019,Hill Road
1321,ST-019,Hill Road
1322,ST-019,Hill Road
1323,ST-019,Hill Road
1324,ST-019,Hill Road
1325,ST-019,Hill Road
1326,ST-019,Hill Road
1327,ST-019,Hill Road
1328,ST-019,Hill Road
1329,ST-019,Hill Road
1330,ST-019,Hill Road
1331,ST-019,Hill Road
1332,ST-019,Hill Road
1333,ST-019,Hill Road
1334,ST-019,Hill Road
1335,ST-019,Hill Road
1336,ST-019,Hill Road
1337,ST-019,Hill Road
1338,ST-019,Hill Road
1339,ST-019,Hill Road
1340,ST-019,Hill Road
1341,ST-019,Hill Road
1342,ST-019,Hill Road
1994,ST-020,Hughes Road
1752,ST-020,Hughes Road
1753,ST-020,Hughes Road
1754,ST-020,Hughes Road
1755,ST-020,Hughes Road
1756,ST-020,Hughes Road
1757,ST-020,Hughes Road
1758,ST-020,Hughes Road
1759,ST-020,Hughes Road
1760,ST-020,Hughes Road
2764,ST-023,Jasmine Mill Road
2765,ST-023,Jasmine Mill Road
2766,ST-023,Jasmine Mill Road
2767,ST-023,Jasmine Mill Road
2768,ST-023,Jasmine Mill Road
2769,ST-023,Jasmine Mill Road
2770,ST-023,Jasmine Mill Road
2771,ST-023,Jasmine Mill Road
2772,ST-023,Jasmine Mill Road
2773,ST-023,Jasmine Mill Road
2774,ST-023,Jasmine Mill Road
2775,ST-023,Jasmine Mill Road
2776,ST-023,Jasmine Mill Road
2777,ST-023,Jasmine Mill Road
2778,ST-023,Jasmine Mill Road
2779,ST-023,Jasmine Mill Road
2019,ST-024,Juhu Tara Road
2020,ST-024,Juhu Tara Road
2021,ST-024,Juhu Tara Road
2022,ST-024,Juhu Tara Road
2023,ST-024,Juhu Tara Road
2024,ST-024,Juhu Tara Road
2025,ST-024,Juhu Tara Road
2026,ST-024,Juhu Tara Road
2027,ST-024,Juhu Tara Road
2028,ST-024,Juhu Tara Road
2029,ST-024,Juhu Tara Road
2030,ST-024,Juhu Tara Road
2031,ST-024,Juhu Tara Road
2032,ST-024,Juhu Tara Road
2033,ST-024,Juhu Tara Road
2034,ST-024,Juhu Tara Road
2035,ST-024,Juhu Tara Road
2036,ST-024,Juhu Tara Road
2037,ST-024,Juhu Tara Road
2038,ST-024,Juhu Tara Road
2039,ST-024,Juhu Tara Road
2040,ST-024,Juhu Tara Road
2041,ST-024,Juhu Tara Road
2042,ST-024,Juhu Tara Road
2043,ST-024,Juhu Tara Road
2044,ST-024,Juhu Tara Road
2045,ST-024,Juhu Tara Road
2046,ST-024,Juhu Tara Road
2047,ST-024,Juhu Tara Road
2048,ST-024,Juhu Tara Road
2049,ST-024,Juhu Tara Road
2050,ST-024,Juhu Tara Road
2051,ST-024,Juhu Tara Road
2052,ST-024,Juhu Tara Road
2053,ST-024,Juhu Tara Road
2054,ST-024,Juhu Tara Road
2055,ST-024,Juhu Tara Road
2056,ST-024,Juhu Tara Road
2057,ST-024,Juhu Tara Road
2058,ST-024,Juhu Tara Road
2059,ST-024,Juhu Tara Road
2060,ST-024,Juhu Tara Road
2061,ST-024,Juhu Tara Road
2062,ST-024,Juhu Tara Road
2063,ST-024,Juhu Tara Road
2064,ST-024,Juhu Tara Road
2065,ST-024,Juhu Tara Road
2066,ST-024,Juhu Tara Road
2067,ST-024,Juhu Tara Road
2068,ST-024,Juhu Tara Road
2069,ST-024,Juhu Tara Road
2070,ST-024,Juhu Tara Road
2071,ST-024,Juhu Tara Road
2072,ST-024,Juhu Tara Road
2073,ST-024,Juhu Tara Road
2074,ST-024,Juhu Tara Road
2075,ST-024,Juhu Tara Road
2076,ST-024,Juhu Tara Road
2077,ST-024,Juhu Tara Road
2078,ST-024,Juhu Tara Road
2079,ST-024,Juhu Tara Road
2080,ST-024,Juhu Tara Road
2081,ST-024,Juhu Tara Road
2082,ST-024,Juhu Tara Road
2083,ST-024,Juhu Tara Road
2084,ST-024,Juhu Tara Road
2085,ST-024,Juhu Tara Road
2086,ST-024,Juhu Tara Road
2087,ST-024,Juhu Tara Road
2088,ST-024,Juhu Tara Road
2089,ST-024,Juhu Tara Road
2090,ST-024,Juhu Tara Road
2091,ST-024,Juhu Tara Road
2092,ST-024,Juhu Tara Road
2093,ST-024,Juhu Tara Road
2094,ST-024,Juhu Tara Road
2095,ST-024,Juhu Tara Road
2096,ST-024,Juhu Tara Road
2097,ST-024,Juhu Tara Road
2098,ST-024,Juhu Tara Road
2099,ST-024,Juhu Tara Road
2100,ST-024,Juhu Tara Road
2101,ST-024,Juhu Tara Road
2102,ST-024,Juhu Tara Road
2103,ST-024,Juhu Tara Road
2104,ST-024,Juhu Tara Road
2105,ST-024,Juhu Tara Road
2106,ST-024,Juhu Tara Road
2107,ST-024,Juhu Tara Road
2108,ST-024,Juhu Tara Road
2109,ST-024,Juhu Tara Road
2110,ST-024,Juhu Tara Road
2111,ST-024,Juhu Tara Road
2112,ST-024,Juhu Tara Road
2113,ST-024,Juhu Tara Road
2114,ST-024,Juhu Tara Road
2115,ST-024,Juhu Tara Road
2116,ST-024,Juhu Tara Road
2117,ST-024,Juhu Tara Road
2118,ST-024,Juhu Tara Road
2119,ST-024,Juhu Tara Road
2120,ST-024,Juhu Tara Road
2121,ST-024,Juhu Tara Road
2122,ST-024,Juhu Tara Road
2123,ST-024,Juhu Tara Road
2124,ST-024,Juhu Tara Road
2125,ST-024,Juhu Tara Road
2126,ST-024,Juhu Tara Road
2127,ST-024,Juhu Tara Road
2128,ST-024,Juhu Tara Road
2129,ST-024,Juhu Tara Road
2130,ST-024,Juhu Tara Road
2131,ST-024,Juhu Tara Road
2132,ST-024,Juhu Tara Road
2133,ST-024,Juhu Tara Road
2134,ST-024,Juhu Tara Road
2135,ST-024,Juhu Tara Road
2136,ST-024,Juhu Tara Road
2137,ST-024,Juhu Tara Road
2290,ST-027,Kanjur Marg
2291,ST-027,Kanjur Marg
2292,ST-027,Kanjur Marg
2293,ST-027,Kanjur Marg
2294,ST-027,Kanjur Marg
2295,ST-027,Kanjur Marg
2296,ST-027,Kanjur Marg
2297,ST-027,Kanjur Marg
2298,ST-027,Kanjur Marg
2299,ST-027,Kanjur Marg
2300,ST-027,Kanjur Marg
2301,ST-027,Kanjur Marg
2302,ST-027,Kanjur Marg
2323,ST-030,Khandeshwar Station Road
2609,ST-031,Kharghar Station Road
2610,ST-031,Kharghar Station Road
2611,ST-031,Kharghar Station Road
2612,ST-031,Kharghar Station Road
2613,ST-031,Kharghar Station Road
2614,ST-031,Kharghar Station Road
2615,ST-031,Kharghar Station Road
2616,ST-031,Kharghar Station Road
2617,ST-031,Kharghar Station Road
2618,ST-031,Kharghar Station Road
2619,ST-031,Kharghar Station Road
2620,ST-031,Kharghar Station Road
2621,ST-031,Kharghar Station Road
2622,ST-031,Kharghar Station Road
2623,ST-031,Kharghar Station Road
2624,ST-031,Kharghar Station Road
2625,ST-031,Kharghar Station Road
2626,ST-031,Kharghar Station Road
2627,ST-031,Kharghar Station Road
2628,ST-031,Kharghar Station Road
2629,ST-032,Koparkhairne Station Road
2630,ST-032,Koparkhairne Station Road
2631,ST-032,Koparkhairne Station Road
2632,ST-032,Koparkhairne Station Road
2633,ST-032,Koparkhairne Station Road
2634,ST-032,Koparkhairne Station Road
2644,ST-033,Lbs Marg
1771,ST-034,LBS Marg
1772,ST-034,LBS Marg
1773,ST-034,LBS Marg
1774,ST-034,LBS Marg
1775,ST-034,LBS Marg
1776,ST-034,LBS Marg
1777,ST-034,LBS Marg
2645,ST-034,LBS Marg
3063,ST-034,LBS Marg
3067,ST-034,LBS Marg
3068,ST-034,LBS Marg
3069,ST-034,LBS Marg
3070,ST-034,LBS Marg
3071,ST-034,LBS Marg
3072,ST-034,LBS Marg
3073,ST-034,LBS Marg
3074,ST-034,LBS Marg
3075,ST-034,LBS Marg
3076,ST-034,LBS Marg
3077,ST-034,LBS Marg
3078,ST-034,LBS Marg
3079,ST-034,LBS Marg
3080,ST-034,LBS Marg
3081,ST-034,LBS Marg
3082,ST-034,LBS Marg
3083,ST-034,LBS Marg
3084,ST-034,LBS Marg
3085,ST-034,LBS Marg
3086,ST-034,LBS Marg
3087,ST-034,LBS Marg
3088,ST-034,LBS Marg
3089,ST-034,LBS Marg
3090,ST-034,LBS Marg
3091,ST-034,LBS Marg
3092,ST-034,LBS Marg
3093,ST-034,LBS Marg
3094,ST-034,LBS Marg
3095,ST-034,LBS Marg
3096,ST-034,LBS Marg
3097,ST-034,LBS Marg
3098,ST-034,LBS Marg
3099,ST-034,LBS Marg
3100,ST-034,LBS Marg
3101,ST-034,LBS Marg
3102,ST-034,LBS Marg
3103,ST-034,LBS Marg
3104,ST-034,LBS Marg
3105,ST-034,LBS Marg
3106,ST-034,LBS Marg
3265,ST-034,LBS Marg
3266,ST-034,LBS Marg
3267,ST-034,LBS Marg
3268,ST-034,LBS Marg
3269,ST-034,LBS Marg
3270,ST-034,LBS Marg
3271,ST-034,LBS Marg
3272,ST-034,LBS Marg
3273,ST-034,LBS Marg
3274,ST-034,LBS Marg
3275,ST-034,LBS Marg
3276,ST-034,LBS Marg
3277,ST-034,LBS Marg
3278,ST-034,LBS Marg
3279,ST-034,LBS Marg
3280,ST-034,LBS Marg
3281,ST-034,LBS Marg
3282,ST-034,LBS Marg
3283,ST-034,LBS Marg
3284,ST-034,LBS Marg
3285,ST-034,LBS Marg
3286,ST-034,LBS Marg
3287,ST-034,LBS Marg
3288,ST-034,LBS Marg
3289,ST-034,LBS Marg
3290,ST-034,LBS Marg
3291,ST-034,LBS Marg
3292,ST-034,LBS Marg
3293,ST-034,LBS Marg
3294,ST-034,LBS Marg
3295,ST-034,LBS Marg
3296,ST-034,LBS Marg
3297,ST-034,LBS Marg
3298,ST-034,LBS Marg
3299,ST-034,LBS Marg
3300,ST-034,LBS Marg
3301,ST-034,LBS Marg
3302,ST-034,LBS Marg
3303,ST-034,LBS Marg
3304,ST-034,LBS Marg
3305,ST-034,LBS Marg
3306,ST-034,LBS Marg
3307,ST-034,LBS Marg
3308,ST-034,LBS Marg
3309,ST-034,LBS Marg
3310,ST-034,LBS Marg
3311,ST-034,LBS Marg
3312,ST-034,LBS Marg
3313,ST-034,LBS Marg
3314,ST-034,LBS Marg
3315,ST-034,LBS Marg
3316,ST-034,LBS Marg
3317,ST-034,LBS Marg
3318,ST-034,LBS Marg
3319,ST-034,LBS Marg
3320,ST-034,LBS Marg
3321,ST-034,LBS Marg
3322,ST-034,LBS Marg
3323,ST-034,LBS Marg
3324,ST-034,LBS Marg
3325,ST-034,LBS Marg
3326,ST-034,LBS Marg
3327,ST-034,LBS Marg
3328,ST-034,LBS Marg
3329,ST-034,LBS Marg
3330,ST-034,LBS Marg
3331,ST-034,LBS Marg
3332,ST-034,LBS Marg
3333,ST-034,LBS Marg
3334,ST-034,LBS Marg
3335,ST-034,LBS Marg
3336,ST-034,LBS Marg
3337,ST-034,LBS Marg
3338,ST-034,LBS Marg
3339,ST-034,LBS Marg
3340,ST-034,LBS Marg
3341,ST-034,LBS Marg
3342,ST-034,LBS Marg
3343,ST-034,LBS Marg
3344,ST-034,LBS Marg
3345,ST-034,LBS Marg
3346,ST-034,LBS Marg
3347,ST-034,LBS Marg
3348,ST-034,LBS Marg
3349,ST-034,LBS Marg
3350,ST-034,LBS Marg
3351,ST-034,LBS Marg
3352,ST-034,LBS Marg
3353,ST-034,LBS Marg
3354,ST-034,LBS Marg
3355,ST-034,LBS Marg
3356,ST-034,LBS Marg
3357,ST-034,LBS Marg
3358,ST-034,LBS Marg
3359,ST-034,LBS Marg
3360,ST-034,LBS Marg
3361,ST-034,LBS Marg
3362,ST-034,LBS Marg
3363,ST-034,LBS Marg
3364,ST-034,LBS Marg
3365,ST-034,LBS Marg
3366,ST-034,LBS Marg
3367,ST-034,LBS Marg
3368,ST-034,LBS Marg
3369,ST-034,LBS Marg
3370,ST-034,LBS Marg
3371,ST-034,LBS Marg
3372,ST-034,LBS Marg
3373,ST-034,LBS Marg
3374,ST-034,LBS Marg
3375,ST-034,LBS Marg
3376,ST-034,LBS Marg
3377,ST-034,LBS Marg
3378,ST-034,LBS Marg
3379,ST-034,LBS Marg
3380,ST-034,LBS Marg
3381,ST-034,LBS Marg
3382,ST-034,LBS Marg
3383,ST-034,LBS Marg
3384,ST-034,LBS Marg
3385,ST-034,LBS Marg
3386,ST-034,LBS Marg
3387,ST-034,LBS Marg
3388,ST-034,LBS Marg
3389,ST-034,LBS Marg
3390,ST-034,LBS Marg
3391,ST-034,LBS Marg
3392,ST-034,LBS Marg
3393,ST-034,LBS Marg
3394,ST-034,LBS Marg
3395,ST-034,LBS Marg
3396,ST-034,LBS Marg
3397,ST-034,LBS Marg
3398,ST-034,LBS Marg
3399,ST-034,LBS Marg
3400,ST-034,LBS Marg
3401,ST-034,LBS Marg
3402,ST-034,LBS Marg
3403,ST-034,LBS Marg
3404,ST-034,LBS Marg
3405,ST-034,LBS Marg
3406,ST-034,LBS Marg
4317,ST-034,LBS Marg
1581,ST-037,Maharshi Karve Road
1582,ST-037,Maharshi Karve Road
1583,ST-037,Maharshi Karve Road
1584,ST-037,Maharshi Karve Road
1585,ST-037,Maharshi Karve Road
1586,ST-037,Maharshi Karve Road
1587,ST-037,Maharshi Karve Road
1588,ST-037,Maharshi Karve Road
1589,ST-037,Maharshi Karve Road
1590,ST-037,Maharshi Karve Road
1591,ST-037,Maharshi Karve Road
3175,ST-038,Mama Paramanand Marg
3176,ST-038,Mama Paramanand Marg
3177,ST-038,Mama Paramanand Marg
2947,ST-040,Marine Drive
2948,ST-040,Marine Drive
2949,ST-040,Marine Drive
2950,ST-040,Marine Drive
2951,ST-040,Marine Drive
2952,ST-040,Marine Drive
2953,ST-040,Marine Drive
2954,ST-040,Marine Drive
2955,ST-040,Marine Drive
2956,ST-040,Marine Drive
2957,ST-040,Marine Drive
2958,ST-040,Marine Drive
2959,ST-040,Marine Drive
2960,ST-040,Marine Drive
2961,ST-040,Marine Drive
2962,ST-040,Marine Drive
2963,ST-040,Marine Drive
2964,ST-040,Marine Drive
2965,ST-040,Marine Drive
1748,ST-043,MG Road
1749,ST-043,MG Road
1750,ST-043,MG Road
1751,ST-043,MG Road
1770,ST-043,MG Road
1778,ST-043,MG Road
1779,ST-043,MG Road
1780,ST-043,MG Road
1781,ST-043,MG Road
1782,ST-043,MG Road
1783,ST-043,MG Road
1784,ST-043,MG Road
1785,ST-043,MG Road
1786,ST-043,MG Road
1787,ST-043,MG Road
1788,ST-043,MG Road
1789,ST-043,MG Road
1790,ST-043,MG Road
1791,ST-043,MG Road
1792,ST-043,MG Road
1793,ST-043,MG Road
1794,ST-043,MG Road
1795,ST-043,MG Road
1796,ST-043,MG Road
2992,ST-044,Mira Road
2993,ST-044,Mira Road
2994,ST-044,Mira Road
2995,ST-044,Mira Road
2996,ST-044,Mira Road
2997,ST-044,Mira Road
2998,ST-044,Mira Road
2999,ST-044,Mira Road
3000,ST-044,Mira Road
3001,ST-044,Mira Road
3002,ST-044,Mira Road
3003,ST-044,Mira Road
3004,ST-044,Mira Road
3005,ST-044,Mira Road
3006,ST-044,Mira Road
3007,ST-044,Mira Road
3008,ST-044,Mira Road
3009,ST-044,Mira Road
3010,ST-044,Mira Road
3011,ST-044,Mira Road
3012,ST-044,Mira Road
3013,ST-044,Mira Road
3014,ST-044,Mira Road
3015,ST-044,Mira Road
3016,ST-044,Mira Road
3017,ST-044,Mira Road
3018,ST-044,Mira Road
3019,ST-044,Mira Road
3020,ST-044,Mira Road
3021,ST-044,Mira Road
3022,ST-044,Mira Road
3023,ST-044,Mira Road
3024,ST-044,Mira Road
3025,ST-044,Mira Road
3026,ST-044,Mira Road
3027,ST-044,Mira Road
3028,ST-044,Mira Road
3029,ST-044,Mira Road
3030,ST-044,Mira Road
3031,ST-044,Mira Road
3032,ST-044,Mira Road
3033,ST-044,Mira Road
3034,ST-044,Mira Road
3035,ST-044,Mira Road
3036,ST-044,Mira Road
3037,ST-044,Mira Road
3038,ST-044,Mira Road
3039,ST-044,Mira Road
3040,ST-044,Mira Road
3041,ST-044,Mira Road
3042,ST-044,Mira Road
3043,ST-044,Mira Road
3044,ST-044,Mira Road
3045,ST-044,Mira Road
3046,ST-044,Mira Road
3047,ST-044,Mira Road
3048,ST-044,Mira Road
3049,ST-044,Mira Road
3050,ST-044,Mira Road
3051,ST-044,Mira Road
3052,ST-044,Mira Road
3053,ST-044,Mira Road
3054,ST-044,Mira Road
3055,ST-044,Mira Road
3056,ST-044,Mira Road
3057,ST-044,Mira Road
3058,ST-044,Mira Road
3059,ST-044,Mira Road
3060,ST-044,Mira Road
3061,ST-044,Mira Road
3062,ST-044,Mira Road
1499,ST-046,N M Joshi Marg
1500,ST-046,N M Joshi Marg
1501,ST-046,N M Joshi Marg
1502,ST-046,N M Joshi Marg
1503,ST-046,N M Joshi Marg
1504,ST-046,N M Joshi Marg
1505,ST-046,N M Joshi Marg
1506,ST-046,N M Joshi Marg
1507,ST-046,N M Joshi Marg
1508,ST-046,N M Joshi Marg
1509,ST-046,N M Joshi Marg
1510,ST-046,N M Joshi Marg
1511,ST-046,N M Joshi Marg
1512,ST-046,N M Joshi Marg
1513,ST-046,N M Joshi Marg
1514,ST-046,N M Joshi Marg
1515,ST-046,N M Joshi Marg
3133,ST-048,Nepean Sea Road
3134,ST-048,Nepean Sea Road
3135,ST-048,Nepean Sea Road
3136,ST-048,Nepean Sea Road
3137,ST-048,Nepean Sea Road
3138,ST-048,Nepean Sea Road
3139,ST-048,Nepean Sea Road
3140,ST-048,Nepean Sea Road
3141,ST-048,Nepean Sea Road
3142,ST-048,Nepean Sea Road
3143,ST-048,Nepean Sea Road
3144,ST-048,Nepean Sea Road
3145,ST-048,Nepean Sea Road
3146,ST-048,Nepean Sea Road
3147,ST-048,Nepean Sea Road
3148,ST-048,Nepean Sea Road
3149,ST-048,Nepean Sea Road
3150,ST-048,Nepean Sea Road
3151,ST-048,Nepean Sea Road
3152,ST-048,Nepean Sea Road
3153,ST-048,Nepean Sea Road
3154,ST-048,Nepean Sea Road
3155,ST-048,Nepean Sea Road
3156,ST-048,Nepean Sea Road
3157,ST-048,Nepean Sea Road
3158,ST-048,Nepean Sea Road
3159,ST-048,Nepean Sea Road
3160,ST-048,Nepean Sea Road
3161,ST-048,Nepean Sea Road
3162,ST-048,Nepean Sea Road
3163,ST-048,Nepean Sea Road
3164,ST-048,Nepean Sea Road
3165,ST-048,Nepean Sea Road
3166,ST-048,Nepean Sea Road
3167,ST-048,Nepean Sea Road
1738,ST-049,New Link Road
1739,ST-049,New Link Road
1740,ST-049,New Link Road
1741,ST-049,New Link Road
1742,ST-049,New Link Road
1743,ST-049,New Link Road
1744,ST-049,New Link Road
2213,ST-049,New Link Road
2214,ST-049,New Link Road
2215,ST-049,New Link Road
2216,ST-049,New Link Road
2217,ST-049,New Link Road
2218,ST-049,New Link Road
2219,ST-049,New Link Road
2220,ST-049,New Link Road
2221,ST-049,New Link Road
2222,ST-049,New Link Road
2223,ST-049,New Link Road
2224,ST-049,New Link Road
2225,ST-049,New Link Road
2226,ST-049,New Link Road
2227,ST-049,New Link Road
2228,ST-049,New Link Road
2229,ST-049,New Link Road
2230,ST-049,New Link Road
2231,ST-049,New Link Road
2232,ST-049,New Link Road
2233,ST-049,New Link Road
2234,ST-049,New Link Road
2235,ST-049,New Link Road
2236,ST-049,New Link Road
2237,ST-049,New Link Road
2238,ST-049,New Link Road
2239,ST-049,New Link Road
2240,ST-049,New Link Road
2241,ST-049,New Link Road
2242,ST-049,New Link Road
2243,ST-049,New Link Road
2244,ST-049,New Link Road
2245,ST-049,New Link Road
2246,ST-049,New Link Road
2247,ST-049,New Link Road
2248,ST-049,New Link Road
2249,ST-049,New Link Road
2250,ST-049,New Link Road
2251,ST-049,New Link Road
2252,ST-049,New Link Road
2253,ST-049,New Link Road
2254,ST-049,New Link Road
2255,ST-049,New Link Road
2256,ST-049,New Link Road
2257,ST-049,New Link Road
2258,ST-049,New Link Road
2259,ST-049,New Link Road
2260,ST-049,New Link Road
2261,ST-049,New Link Road
2262,ST-049,New Link Road
2263,ST-049,New Link Road
2264,ST-049,New Link Road
2265,ST-049,New Link Road
2266,ST-049,New Link Road
2267,ST-049,New Link Road
2268,ST-049,New Link Road
2269,ST-049,New Link Road
2270,ST-049,New Link Road
2271,ST-049,New Link Road
2272,ST-049,New Link Road
2273,ST-049,New Link Road
2274,ST-049,New Link Road
2275,ST-049,New Link Road
2276,ST-049,New Link Road
2277,ST-049,New Link Road
2278,ST-049,New Link Road
2279,ST-049,New Link Road
2280,ST-049,New Link Road
2281,ST-049,New Link Road
2282,ST-049,New Link Road
2283,ST-049,New Link Road
2284,ST-049,New Link Road
2285,ST-049,New Link Road
2286,ST-049,New Link Road
2287,ST-049,New Link Road
2288,ST-049,New Link Road
2289,ST-049,New Link Road
2784,ST-049,New Link Road
2825,ST-049,New Link Road
2826,ST-049,New Link Road
2827,ST-049,New Link Road
2828,ST-049,New Link Road
2829,ST-049,New Link Road
2830,ST-049,New Link Road
2831,ST-049,New Link Road
2832,ST-049,New Link Road
2833,ST-049,New Link Road
2834,ST-049,New Link Road
2835,ST-049,New Link Road
2836,ST-049,New Link Road
2837,ST-049,New Link Road
2838,ST-049,New Link Road
2839,ST-049,New Link Road
2840,ST-049,New Link Road
2841,ST-049,New Link Road
2842,ST-049,New Link Road
2843,ST-049,New Link Road
2844,ST-049,New Link Road
2845,ST-049,New Link Road
2846,ST-049,New Link Road
2847,ST-049,New Link Road
2848,ST-049,New Link Road
2849,ST-049,New Link Road
2850,ST-049,New Link Road
2851,ST-049,New Link Road
2852,ST-049,New Link Road
2853,ST-049,New Link Road
2854,ST-049,New Link Road
2855,ST-049,New Link Road
2856,ST-049,New Link Road
2857,ST-049,New Link Road
2858,ST-049,New Link Road
2859,ST-049,New Link Road
2860,ST-049,New Link Road
2861,ST-049,New Link Road
2862,ST-049,New Link Road
2863,ST-049,New Link Road
2864,ST-049,New Link Road
2865,ST-049,New Link Road
2866,ST-049,New Link Road
2867,ST-049,New Link Road
2868,ST-049,New Link Road
2869,ST-049,New Link Road
2870,ST-049,New Link Road
2871,ST-049,New Link Road
2872,ST-049,New Link Road
2873,ST-049,New Link Road
2874,ST-049,New Link Road
2875,ST-049,New Link Road
2876,ST-049,New Link Road
2877,ST-049,New Link Road
2878,ST-049,New Link Road
2879,ST-049,New Link Road
2880,ST-049,New Link Road
2881,ST-049,New Link Road
2882,ST-049,New Link Road
2883,ST-049,New Link Road
2884,ST-049,New Link Road
2885,ST-049,New Link Road
2886,ST-049,New Link Road
2887,ST-049,New Link Road
2888,ST-049,New Link Road
2889,ST-049,New Link Road
2890,ST-049,New Link Road
2891,ST-049,New Link Road
2892,ST-049,New Link Road
2893,ST-049,New Link Road
2894,ST-049,New Link Road
2895,ST-049,New Link Road
2896,ST-049,New Link Road
2897,ST-049,New Link Road
2898,ST-049,New Link Road
2899,ST-049,New Link Road
2900,ST-049,New Link Road
2901,ST-049,New Link Road
2902,ST-049,New Link Road
2903,ST-049,New Link Road
2904,ST-049,New Link Road
2905,ST-049,New Link Road
2906,ST-049,New Link Road
2907,ST-049,New Link Road
2908,ST-049,New Link Road
2909,ST-049,New Link Road
2910,ST-049,New Link Road
2911,ST-049,New Link Road
2912,ST-049,New Link Road
2913,ST-049,New Link Road
2914,ST-049,New Link Road
2915,ST-049,New Link Road
2916,ST-049,New Link Road
2917,ST-049,New Link Road
2918,ST-049,New Link Road
2919,ST-049,New Link Road
2920,ST-049,New Link Road
2921,ST-049,New Link Road
2922,ST-049,New Link Road
2923,ST-049,New Link Road
2924,ST-049,New Link Road
2925,ST-049,New Link Road
2926,ST-049,New Link Road
2927,ST-049,New Link Road
2928,ST-049,New Link Road
2929,ST-049,New Link Road
2930,ST-049,New Link Road
2931,ST-049,New Link Road
2932,ST-049,New Link Road
2933,ST-049,New Link Road
2934,ST-049,New Link Road
2935,ST-049,New Link Road
2936,ST-049,New Link Road
2937,ST-049,New Link Road
2938,ST-049,New Link Road
2939,ST-049,New Link Road
2940,ST-049,New Link Road
2941,ST-049,New Link Road
2942,ST-049,New Link Road
2943,ST-049,New Link Road
2944,ST-049,New Link Road
2945,ST-049,New Link Road
2946,ST-049,New Link Road
3238,ST-051,Peddar Road
3239,ST-051,Peddar Road
3240,ST-051,Peddar Road
3241,ST-051,Peddar Road
3242,ST-051,Peddar Road
3243,ST-051,Peddar Road
3244,ST-051,Peddar Road
3245,ST-051,Peddar Road
3246,ST-051,Peddar Road
3247,ST-051,Peddar Road
3248,ST-051,Peddar Road
3249,ST-051,Peddar Road
3250,ST-051,Peddar Road
3251,ST-051,Peddar Road
3252,ST-051,Peddar Road
3253,ST-051,Peddar Road
3254,ST-051,Peddar Road
3255,ST-051,Peddar Road
3256,ST-051,Peddar Road
3257,ST-051,Peddar Road
3258,ST-051,Peddar Road
3259,ST-051,Peddar Road
3260,ST-051,Peddar Road
3261,ST-051,Peddar Road
3262,ST-051,Peddar Road
3263,ST-051,Peddar Road
3264,ST-051,Peddar Road
3498,ST-052,Ram Mandir Road
3500,ST-055,Sanpada Station Road
3501,ST-055,Sanpada Station Road
3502,ST-055,Sanpada Station Road
3503,ST-055,Sanpada Station Road
3770,ST-058,Sion Road
3771,ST-058,Sion Road
3772,ST-058,Sion Road
3773,ST-058,Sion Road
3774,ST-058,Sion Road
3775,ST-058,Sion Road
3776,ST-058,Sion Road
3777,ST-058,Sion Road
3778,ST-058,Sion Road
3779,ST-058,Sion Road
3780,ST-058,Sion Road
13,ST-060,SV Road
14,ST-060,SV Road
15,ST-060,SV Road
16,ST-060,SV Road
17,ST-060,SV Road
169,ST-060,SV Road
170,ST-060,SV Road
171,ST-060,SV Road
172,ST-060,SV Road
173,ST-060,SV Road
174,ST-060,SV Road
175,ST-060,SV Road
176,ST-060,SV Road
177,ST-060,SV Road
178,ST-060,SV Road
179,ST-060,SV Road
180,ST-060,SV Road
181,ST-060,SV Road
182,ST-060,SV Road
183,ST-060,SV Road
184,ST-060,SV Road
185,ST-060,SV Road
186,ST-060,SV Road
187,ST-060,SV Road
188,ST-060,SV Road
189,ST-060,SV Road
190,ST-060,SV Road
191,ST-060,SV Road
192,ST-060,SV Road
193,ST-060,SV Road
194,ST-060,SV Road
195,ST-060,SV Road
196,ST-060,SV Road
197,ST-060,SV Road
198,ST-060,SV Road
199,ST-060,SV Road
200,ST-060,SV Road
201,ST-060,SV Road
202,ST-060,SV Road
203,ST-060,SV Road
204,ST-060,SV Road
205,ST-060,SV Road
206,ST-060,SV Road
207,ST-060,SV Road
208,ST-060,SV Road
209,ST-060,SV Road
210,ST-060,SV Road
211,ST-060,SV Road
212,ST-060,SV Road
213,ST-060,SV Road
214,ST-060,SV Road
215,ST-060,SV Road
216,ST-060,SV Road
217,ST-060,SV Road
218,ST-060,SV Road
219,ST-060,SV Road
220,ST-060,SV Road
221,ST-060,SV Road
222,ST-060,SV Road
223,ST-060,SV Road
224,ST-060,SV Road
225,ST-060,SV Road
226,ST-060,SV Road
227,ST-060,SV Road
228,ST-060,SV Road
229,ST-060,SV Road
230,ST-060,SV Road
231,ST-060,SV Road
232,ST-060,SV Road
233,ST-060,SV Road
234,ST-060,SV Road
235,ST-060,SV Road
236,ST-060,SV Road
237,ST-060,SV Road
238,ST-060,SV Road
239,ST-060,SV Road
240,ST-060,SV Road
241,ST-060,SV Road
242,ST-060,SV Road
243,ST-060,SV Road
244,ST-060,SV Road
245,ST-060,SV Road
246,ST-060,SV Road
247,ST-060,SV Road
248,ST-060,SV Road
249,ST-060,SV Road
250,ST-060,SV Road
251,ST-060,SV Road
252,ST-060,SV Road
253,ST-060,SV Road
254,ST-060,SV Road
255,ST-060,SV Road
256,ST-060,SV Road
257,ST-060,SV Road
258,ST-060,SV Road
259,ST-060,SV Road
260,ST-060,SV Road
261,ST-060,SV Road
262,ST-060,SV Road
263,ST-060,SV Road
264,ST-060,SV Road
265,ST-060,SV Road
266,ST-060,SV Road
267,ST-060,SV Road
268,ST-060,SV Road
269,ST-060,SV Road
270,ST-060,SV Road
271,ST-060,SV Road
272,ST-060,SV Road
273,ST-060,SV Road
274,ST-060,SV Road
275,ST-060,SV Road
276,ST-060,SV Road
277,ST-060,SV Road
278,ST-060,SV Road
279,ST-060,SV Road
280,ST-060,SV Road
281,ST-060,SV Road
282,ST-060,SV Road
283,ST-060,SV Road
284,ST-060,SV Road
285,ST-060,SV Road
286,ST-060,SV Road
287,ST-060,SV Road
288,ST-060,SV Road
289,ST-060,SV Road
290,ST-060,SV Road
291,ST-060,SV Road
292,ST-060,SV Road
293,ST-060,SV Road
294,ST-060,SV Road
295,ST-060,SV Road
296,ST-060,SV Road
297,ST-060,SV Road
298,ST-060,SV Road
299,ST-060,SV Road
300,ST-060,SV Road
301,ST-060,SV Road
302,ST-060,SV Road
303,ST-060,SV Road
304,ST-060,SV Road
305,ST-060,SV Road
306,ST-060,SV Road
307,ST-060,SV Road
308,ST-060,SV Road
309,ST-060,SV Road
310,ST-060,SV Road
311,ST-060,SV Road
312,ST-060,SV Road
313,ST-060,SV Road
314,ST-060,SV Road
315,ST-060,SV Road
316,ST-060,SV Road
317,ST-060,SV Road
318,ST-060,SV Road
319,ST-060,SV Road
320,ST-060,SV Road
321,ST-060,SV Road
322,ST-060,SV Road
323,ST-060,SV Road
324,ST-060,SV Road
325,ST-060,SV Road
326,ST-060,SV Road
327,ST-060,SV Road
328,ST-060,SV Road
329,ST-060,SV Road
330,ST-060,SV Road
331,ST-060,SV Road
332,ST-060,SV Road
333,ST-060,SV Road
334,ST-060,SV Road
335,ST-060,SV Road
336,ST-060,SV Road
337,ST-060,SV Road
338,ST-060,SV Road
339,ST-060,SV Road
340,ST-060,SV Road
341,ST-060,SV Road
342,ST-060,SV Road
343,ST-060,SV Road
344,ST-060,SV Road
345,ST-060,SV Road
346,ST-060,SV Road
347,ST-060,SV Road
348,ST-060,SV Road
349,ST-060,SV Road
350,ST-060,SV Road
351,ST-060,SV Road
352,ST-060,SV Road
353,ST-060,SV Road
354,ST-060,SV Road
355,ST-060,SV Road
356,ST-060,SV Road
357,ST-060,SV Road
358,ST-060,SV Road
359,ST-060,SV Road
360,ST-060,SV Road
361,ST-060,SV Road
362,ST-060,SV Road
363,ST-060,SV Road
364,ST-060,SV Road
365,ST-060,SV Road
366,ST-060,SV Road
367,ST-060,SV Road
368,ST-060,SV Road
369,ST-060,SV Road
370,ST-060,SV Road
371,ST-060,SV Road
372,ST-060,SV Road
373,ST-060,SV Road
374,ST-060,SV Road
375,ST-060,SV Road
376,ST-060,SV Road
377,ST-060,SV Road
378,ST-060,SV Road
379,ST-060,SV Road
380,ST-060,SV Road
381,ST-060,SV Road
382,ST-060,SV Road
383,ST-060,SV Road
384,ST-060,SV Road
385,ST-060,SV Road
386,ST-060,SV Road
387,ST-060,SV Road
388,ST-060,SV Road
389,ST-060,SV Road
390,ST-060,SV Road
391,ST-060,SV Road
392,ST-060,SV Road
393,ST-060,SV Road
394,ST-060,SV Road
395,ST-060,SV Road
396,ST-060,SV Road
397,ST-060,SV Road
398,ST-060,SV Road
399,ST-060,SV Road
400,ST-060,SV Road
401,ST-060,SV Road
402,ST-060,SV Road
403,ST-060,SV Road
404,ST-060,SV Road
405,ST-060,SV Road
406,ST-060,SV Road
407,ST-060,SV Road
408,ST-060,SV Road
409,ST-060,SV Road
410,ST-060,SV Road
411,ST-060,SV Road
412,ST-060,SV Road
413,ST-060,SV Road
414,ST-060,SV Road
415,ST-060,SV Road
416,ST-060,SV Road
417,ST-060,SV Road
418,ST-060,SV Road
419,ST-060,SV Road
420,ST-060,SV Road
421,ST-060,SV Road
422,ST-060,SV Road
423,ST-060,SV Road
424,ST-060,SV Road
425,ST-060,SV Road
426,ST-060,SV Road
427,ST-060,SV Road
428,ST-060,SV Road
429,ST-060,SV Road
430,ST-060,SV Road
431,ST-060,SV Road
432,ST-060,SV Road
433,ST-060,SV Road
434,ST-060,SV Road
435,ST-060,SV Road
436,ST-060,SV Road
437,ST-060,SV Road
438,ST-060,SV Road
439,ST-060,SV Road
440,ST-060,SV Road
441,ST-060,SV Road
442,ST-060,SV Road
443,ST-060,SV Road
444,ST-060,SV Road
445,ST-060,SV Road
446,ST-060,SV Road
447,ST-060,SV Road
448,ST-060,SV Road
449,ST-060,SV Road
450,ST-060,SV Road
451,ST-060,SV Road
452,ST-060,SV Road
453,ST-060,SV Road
454,ST-060,SV Road
455,ST-060,SV Road
456,ST-060,SV Road
457,ST-060,SV Road
458,ST-060,SV Road
459,ST-060,SV Road
460,ST-060,SV Road
461,ST-060,SV Road
462,ST-060,SV Road
463,ST-060,SV Road
464,ST-060,SV Road
465,ST-060,SV Road
466,ST-060,SV Road
467,ST-060,SV Road
468,ST-060,SV Road
469,ST-060,SV Road
470,ST-060,SV Road
471,ST-060,SV Road
472,ST-060,SV Road
473,ST-060,SV Road
474,ST-060,SV Road
475,ST-060,SV Road
476,ST-060,SV Road
477,ST-060,SV Road
478,ST-060,SV Road
479,ST-060,SV Road
480,ST-060,SV Road
481,ST-060,SV Road
482,ST-060,SV Road
483,ST-060,SV Road
484,ST-060,SV Road
485,ST-060,SV Road
486,ST-060,SV Road
487,ST-060,SV Road
488,ST-060,SV Road
489,ST-060,SV Road
490,ST-060,SV Road
491,ST-060,SV Road
492,ST-060,SV Road
493,ST-060,SV Road
494,ST-060,SV Road
495,ST-060,SV Road
496,ST-060,SV Road
497,ST-060,SV Road
498,ST-060,SV Road
499,ST-060,SV Road
500,ST-060,SV Road
501,ST-060,SV Road
502,ST-060,SV Road
503,ST-060,SV Road
504,ST-060,SV Road
505,ST-060,SV Road
506,ST-060,SV Road
507,ST-060,SV Road
508,ST-060,SV Road
509,ST-060,SV Road
510,ST-060,SV Road
511,ST-060,SV Road
512,ST-060,SV Road
513,ST-060,SV Road
514,ST-060,SV Road
515,ST-060,SV Road
516,ST-060,SV Road
517,ST-060,SV Road
518,ST-060,SV Road
519,ST-060,SV Road
520,ST-060,SV Road
521,ST-060,SV Road
522,ST-060,SV Road
523,ST-060,SV Road
524,ST-060,SV Road
525,ST-060,SV Road
526,ST-060,SV Road
527,ST-060,SV Road
528,ST-060,SV Road
529,ST-060,SV Road
530,ST-060,SV Road
531,ST-060,SV Road
532,ST-060,SV Road
533,ST-060,SV Road
534,ST-060,SV Road
535,ST-060,SV Road
536,ST-060,SV Road
537,ST-060,SV Road
538,ST-060,SV Road
539,ST-060,SV Road
540,ST-060,SV Road
541,ST-060,SV Road
542,ST-060,SV Road
543,ST-060,SV Road
544,ST-060,SV Road
545,ST-060,SV Road
546,ST-060,SV Road
547,ST-060,SV Road
548,ST-060,SV Road
549,ST-060,SV Road
550,ST-060,SV Road
551,ST-060,SV Road
552,ST-060,SV Road
553,ST-060,SV Road
554,ST-060,SV Road
555,ST-060,SV Road
556,ST-060,SV Road
557,ST-060,SV Road
558,ST-060,SV Road
559,ST-060,SV Road
560,ST-060,SV Road
561,ST-060,SV Road
562,ST-060,SV Road
563,ST-060,SV Road
564,ST-060,SV Road
565,ST-060,SV Road
566,ST-060,SV Road
567,ST-060,SV Road
568,ST-060,SV Road
569,ST-060,SV Road
570,ST-060,SV Road
571,ST-060,SV Road
572,ST-060,SV Road
573,ST-060,SV Road
574,ST-060,SV Road
575,ST-060,SV Road
576,ST-060,SV Road
577,ST-060,SV Road
578,ST-060,SV Road
579,ST-060,SV Road
580,ST-060,SV Road
581,ST-060,SV Road
582,ST-060,SV Road
583,ST-060,SV Road
584,ST-060,SV Road
585,ST-060,SV Road
586,ST-060,SV Road
587,ST-060,SV Road
588,ST-060,SV Road
589,ST-060,SV Road
590,ST-060,SV Road
591,ST-060,SV Road
592,ST-060,SV Road
593,ST-060,SV Road
594,ST-060,SV Road
595,ST-060,SV Road
596,ST-060,SV Road
597,ST-060,SV Road
598,ST-060,SV Road
599,ST-060,SV Road
600,ST-060,SV Road
601,ST-060,SV Road
602,ST-060,SV Road
603,ST-060,SV Road
604,ST-060,SV Road
605,ST-060,SV Road
606,ST-060,SV Road
607,ST-060,SV Road
608,ST-060,SV Road
609,ST-060,SV Road
610,ST-060,SV Road
611,ST-060,SV Road
612,ST-060,SV Road
613,ST-060,SV Road
614,ST-060,SV Road
615,ST-060,SV Road
616,ST-060,SV Road
617,ST-060,SV Road
618,ST-060,SV Road
619,ST-060,SV Road
620,ST-060,SV Road
621,ST-060,SV Road
622,ST-060,SV Road
623,ST-060,SV Road
624,ST-060,SV Road
625,ST-060,SV Road
626,ST-060,SV Road
627,ST-060,SV Road
628,ST-060,SV Road
629,ST-060,SV Road
630,ST-060,SV Road
631,ST-060,SV Road
632,ST-060,SV Road
633,ST-060,SV Road
634,ST-060,SV Road
635,ST-060,SV Road
636,ST-060,SV Road
637,ST-060,SV Road
638,ST-060,SV Road
639,ST-060,SV Road
640,ST-060,SV Road
641,ST-060,SV Road
642,ST-060,SV Road
643,ST-060,SV Road
644,ST-060,SV Road
645,ST-060,SV Road
646,ST-060,SV Road
647,ST-060,SV Road
648,ST-060,SV Road
649,ST-060,SV Road
650,ST-060,SV Road
651,ST-060,SV Road
652,ST-060,SV Road
653,ST-060,SV Road
654,ST-060,SV Road
655,ST-060,SV Road
656,ST-060,SV Road
657,ST-060,SV Road
658,ST-060,SV Road
659,ST-060,SV Road
660,ST-060,SV Road
661,ST-060,SV Road
662,ST-060,SV Road
663,ST-060,SV Road
664,ST-060,SV Road
665,ST-060,SV Road
666,ST-060,SV Road
667,ST-060,SV Road
668,ST-060,SV Road
669,ST-060,SV Road
670,ST-060,SV Road
671,ST-060,SV Road
672,ST-060,SV Road
673,ST-060,SV Road
674,ST-060,SV Road
675,ST-060,SV Road
676,ST-060,SV Road
677,ST-060,SV Road
678,ST-060,SV Road
679,ST-060,SV Road
680,ST-060,SV Road
681,ST-060,SV Road
682,ST-060,SV Road
683,ST-060,SV Road
684,ST-060,SV Road
685,ST-060,SV Road
686,ST-060,SV Road
687,ST-060,SV Road
688,ST-060,SV Road
689,ST-060,SV Road
690,ST-060,SV Road
691,ST-060,SV Road
692,ST-060,SV Road
693,ST-060,SV Road
694,ST-060,SV Road
695,ST-060,SV Road
696,ST-060,SV Road
697,ST-060,SV Road
698,ST-060,SV Road
699,ST-060,SV Road
700,ST-060,SV Road
701,ST-060,SV Road
702,ST-060,SV Road
703,ST-060,SV Road
704,ST-060,SV Road
705,ST-060,SV Road
706,ST-060,SV Road
707,ST-060,SV Road
708,ST-060,SV Road
709,ST-060,SV Road
710,ST-060,SV Road
711,ST-060,SV Road
712,ST-060,SV Road
713,ST-060,SV Road
714,ST-060,SV Road
715,ST-060,SV Road
716,ST-060,SV Road
717,ST-060,SV Road
718,ST-060,SV Road
719,ST-060,SV Road
720,ST-060,SV Road
721,ST-060,SV Road
722,ST-060,SV Road
723,ST-060,SV Road
724,ST-060,SV Road
725,ST-060,SV Road
726,ST-060,SV Road
727,ST-060,SV Road
728,ST-060,SV Road
729,ST-060,SV Road
730,ST-060,SV Road
731,ST-060,SV Road
732,ST-060,SV Road
733,ST-060,SV Road
734,ST-060,SV Road
735,ST-060,SV Road
736,ST-060,SV Road
737,ST-060,SV Road
738,ST-060,SV Road
739,ST-060,SV Road
740,ST-060,SV Road
741,ST-060,SV Road
742,ST-060,SV Road
743,ST-060,SV Road
744,ST-060,SV Road
745,ST-060,SV Road
746,ST-060,SV Road
747,ST-060,SV Road
748,ST-060,SV Road
749,ST-060,SV Road
750,ST-060,SV Road
751,ST-060,SV Road
752,ST-060,SV Road
753,ST-060,SV Road
754,ST-060,SV Road
755,ST-060,SV Road
756,ST-060,SV Road
757,ST-060,SV Road
758,ST-060,SV Road
759,ST-060,SV Road
760,ST-060,SV Road
761,ST-060,SV Road
762,ST-060,SV Road
763,ST-060,SV Road
764,ST-060,SV Road
765,ST-060,SV Road
766,ST-060,SV Road
767,ST-060,SV Road
768,ST-060,SV Road
769,ST-060,SV Road
770,ST-060,SV Road
771,ST-060,SV Road
772,ST-060,SV Road
773,ST-060,SV Road
774,ST-060,SV Road
775,ST-060,SV Road
776,ST-060,SV Road
777,ST-060,SV Road
778,ST-060,SV Road
779,ST-060,SV Road
780,ST-060,SV Road
781,ST-060,SV Road
782,ST-060,SV Road
783,ST-060,SV Road
784,ST-060,SV Road
785,ST-060,SV Road
786,ST-060,SV Road
787,ST-060,SV Road
788,ST-060,SV Road
789,ST-060,SV Road
790,ST-060,SV Road
791,ST-060,SV Road
792,ST-060,SV Road
793,ST-060,SV Road
794,ST-060,SV Road
795,ST-060,SV Road
796,ST-060,SV Road
797,ST-060,SV Road
798,ST-060,SV Road
799,ST-060,SV Road
800,ST-060,SV Road
801,ST-060,SV Road
802,ST-060,SV Road
803,ST-060,SV Road
804,ST-060,SV Road
805,ST-060,SV Road
806,ST-060,SV Road
807,ST-060,SV Road
808,ST-060,SV Road
809,ST-060,SV Road
810,ST-060,SV Road
811,ST-060,SV Road
812,ST-060,SV Road
813,ST-060,SV Road
814,ST-060,SV Road
815,ST-060,SV Road
816,ST-060,SV Road
1412,ST-060,SV Road
1413,ST-060,SV Road
1414,ST-060,SV Road
1415,ST-060,SV Road
1416,ST-060,SV Road
1417,ST-060,SV Road
1418,ST-060,SV Road
1419,ST-060,SV Road
1420,ST-060,SV Road
1421,ST-060,SV Road
1422,ST-060,SV Road
1423,ST-060,SV Road
1424,ST-060,SV Road
1425,ST-060,SV Road
1426,ST-060,SV Road
1427,ST-060,SV Road
1428,ST-060,SV Road
1429,ST-060,SV Road
1430,ST-060,SV Road
1431,ST-060,SV Road
1432,ST-060,SV Road
1433,ST-060,SV Road
1434,ST-060,SV Road
1435,ST-060,SV Road
1436,ST-060,SV Road
1437,ST-060,SV Road
1438,ST-060,SV Road
1439,ST-060,SV Road
1440,ST-060,SV Road
1441,ST-060,SV Road
1442,ST-060,SV Road
1443,ST-060,SV Road
1444,ST-060,SV Road
1445,ST-060,SV Road
1446,ST-060,SV Road
1447,ST-060,SV Road
1448,ST-060,SV Road
1449,ST-060,SV Road
1450,ST-060,SV Road
1451,ST-060,SV Road
1452,ST-060,SV Road
1453,ST-060,SV Road
1454,ST-060,SV Road
1455,ST-060,SV Road
1456,ST-060,SV Road
1803,ST-060,SV Road
1804,ST-060,SV Road
1876,ST-060,SV Road
1877,ST-060,SV Road
1878,ST-060,SV Road
1879,ST-060,SV Road
1880,ST-060,SV Road
1881,ST-060,SV Road
1882,ST-060,SV Road
1883,ST-060,SV Road
1884,ST-060,SV Road
1885,ST-060,SV Road
1886,ST-060,SV Road
1887,ST-060,SV Road
1888,ST-060,SV Road
1889,ST-060,SV Road
1890,ST-060,SV Road
1891,ST-060,SV Road
1892,ST-060,SV Road
1893,ST-060,SV Road
1894,ST-060,SV Road
1895,ST-060,SV Road
1896,ST-060,SV Road
1897,ST-060,SV Road
1898,ST-060,SV Road
1899,ST-060,SV Road
1900,ST-060,SV Road
1901,ST-060,SV Road
1902,ST-060,SV Road
1903,ST-060,SV Road
1904,ST-060,SV Road
1905,ST-060,SV Road
1906,ST-060,SV Road
1907,ST-060,SV Road
1908,ST-060,SV Road
1909,ST-060,SV Road
1910,ST-060,SV Road
1911,ST-060,SV Road
1912,ST-060,SV Road
1913,ST-060,SV Road
1914,ST-060,SV Road
1915,ST-060,SV Road
1916,ST-060,SV Road
1917,ST-060,SV Road
1918,ST-060,SV Road
1919,ST-060,SV Road
1920,ST-060,SV Road
1921,ST-060,SV Road
1922,ST-060,SV Road
1923,ST-060,SV Road
1924,ST-060,SV Road
1925,ST-060,SV Road
1926,ST-060,SV Road
1927,ST-060,SV Road
1928,ST-060,SV Road
1929,ST-060,SV Road
1930,ST-060,SV Road
1931,ST-060,SV Road
1932,ST-060,SV Road
1933,ST-060,SV Road
1934,ST-060,SV Road
1935,ST-060,SV Road
1936,ST-060,SV Road
1937,ST-060,SV Road
1938,ST-060,SV Road
1939,ST-060,SV Road
1940,ST-060,SV Road
1941,ST-060,SV Road
1942,ST-060,SV Road
1943,ST-060,SV Road
1944,ST-060,SV Road
1945,ST-060,SV Road
1946,ST-060,SV Road
1947,ST-060,SV Road
1948,ST-060,SV Road
1949,ST-060,SV Road
1950,ST-060,SV Road
1951,ST-060,SV Road
1952,ST-060,SV Road
1953,ST-060,SV Road
1954,ST-060,SV Road
1955,ST-060,SV Road
1956,ST-060,SV Road
1957,ST-060,SV Road
1958,ST-060,SV Road
1959,ST-060,SV Road
1960,ST-060,SV Road
1961,ST-060,SV Road
1962,ST-060,SV Road
1963,ST-060,SV Road
1964,ST-060,SV Road
1965,ST-060,SV Road
1966,ST-060,SV Road
1967,ST-060,SV Road
1968,ST-060,SV Road
1969,ST-060,SV Road
1970,ST-060,SV Road
1971,ST-060,SV Road
1972,ST-060,SV Road
1973,ST-060,SV Road
1974,ST-060,SV Road
1975,ST-060,SV Road
1976,ST-060,SV Road
1997,ST-060,SV Road
1998,ST-060,SV Road
1999,ST-060,SV Road
2000,ST-060,SV Road
2001,ST-060,SV Road
2002,ST-060,SV Road
2003,ST-060,SV Road
2004,ST-060,SV Road
2005,ST-060,SV Road
2006,ST-060,SV Road
2007,ST-060,SV Road
2008,ST-060,SV Road
2009,ST-060,SV Road
2010,ST-060,SV Road
2011,ST-060,SV Road
2012,ST-060,SV Road
2013,ST-060,SV Road
2014,ST-060,SV Road
2016,ST-060,SV Road
2017,ST-060,SV Road
2018,ST-060,SV Road
2324,ST-060,SV Road
2325,ST-060,SV Road
2326,ST-060,SV Road
2327,ST-060,SV Road
2328,ST-060,SV Road
2329,ST-060,SV Road
2330,ST-060,SV Road
2331,ST-060,SV Road
2332,ST-060,SV Road
2333,ST-060,SV Road
2334,ST-060,SV Road
2335,ST-060,SV Road
2336,ST-060,SV Road
2337,ST-060,SV Road
2338,ST-060,SV Road
2339,ST-060,SV Road
2340,ST-060,SV Road
2341,ST-060,SV Road
2342,ST-060,SV Road
2343,ST-060,SV Road
2344,ST-060,SV Road
2345,ST-060,SV Road
2346,ST-060,SV Road
2347,ST-060,SV Road
2348,ST-060,SV Road
2349,ST-060,SV Road
2350,ST-060,SV Road
2351,ST-060,SV Road
2352,ST-060,SV Road
2353,ST-060,SV Road
2354,ST-060,SV Road
2355,ST-060,SV Road
2356,ST-060,SV Road
2357,ST-060,SV Road
2358,ST-060,SV Road
2359,ST-060,SV Road
2360,ST-060,SV Road
2361,ST-060,SV Road
2362,ST-060,SV Road
2363,ST-060,SV Road
2364,ST-060,SV Road
2365,ST-060,SV Road
2366,ST-060,SV Road
2367,ST-060,SV Road
2368,ST-060,SV Road
2369,ST-060,SV Road
2370,ST-060,SV Road
2371,ST-060,SV Road
2372,ST-060,SV Road
2373,ST-060,SV Road
2374,ST-060,SV Road
2375,ST-060,SV Road
2376,ST-060,SV Road
2377,ST-060,SV Road
2378,ST-060,SV Road
2379,ST-060,SV Road
2380,ST-060,SV Road
2381,ST-060,SV Road
2382,ST-060,SV Road
2383,ST-060,SV Road
2384,ST-060,SV Road
2385,ST-060,SV Road
2386,ST-060,SV Road
2387,ST-060,SV Road
2388,ST-060,SV Road
2389,ST-060,SV Road
2390,ST-060,SV Road
2391,ST-060,SV Road
2392,ST-060,SV Road
2393,ST-060,SV Road
2394,ST-060,SV Road
2395,ST-060,SV Road
2396,ST-060,SV Road
2397,ST-060,SV Road
2398,ST-060,SV Road
2399,ST-060,SV Road
2400,ST-060,SV Road
2401,ST-060,SV Road
2402,ST-060,SV Road
2403,ST-060,SV Road
2404,ST-060,SV Road
2405,ST-060,SV Road
2406,ST-060,SV Road
2407,ST-060,SV Road
2408,ST-060,SV Road
2409,ST-060,SV Road
2410,ST-060,SV Road
2411,ST-060,SV Road
2412,ST-060,SV Road
2413,ST-060,SV Road
2414,ST-060,SV Road
2415,ST-060,SV Road
2416,ST-060,SV Road
2417,ST-060,SV Road
2418,ST-060,SV Road
2419,ST-060,SV Road
2420,ST-060,SV Road
2421,ST-060,SV Road
2422,ST-060,SV Road
2423,ST-060,SV Road
2424,ST-060,SV Road
2425,ST-060,SV Road
2426,ST-060,SV Road
2427,ST-060,SV Road
2428,ST-060,SV Road
2429,ST-060,SV Road
2430,ST-060,SV Road
2431,ST-060,SV Road
2432,ST-060,SV Road
2433,ST-060,SV Road
2434,ST-060,SV Road
2435,ST-060,SV Road
2436,ST-060,SV Road
2437,ST-060,SV Road
2438,ST-060,SV Road
2439,ST-060,SV Road
2440,ST-060,SV Road
2441,ST-060,SV Road
2442,ST-060,SV Road
2443,ST-060,SV Road
2444,ST-060,SV Road
2445,ST-060,SV Road
2446,ST-060,SV Road
2447,ST-060,SV Road
2448,ST-060,SV Road
2449,ST-060,SV Road
2450,ST-060,SV Road
2451,ST-060,SV Road
2452,ST-060,SV Road
2453,ST-060,SV Road
2454,ST-060,SV Road
2455,ST-060,SV Road
2456,ST-060,SV Road
2457,ST-060,SV Road
2458,ST-060,SV Road
2459,ST-060,SV Road
2460,ST-060,SV Road
2461,ST-060,SV Road
2462,ST-060,SV Road
2463,ST-060,SV Road
2464,ST-060,SV Road
2465,ST-060,SV Road
2466,ST-060,SV Road
2467,ST-060,SV Road
2468,ST-060,SV Road
2469,ST-060,SV Road
2470,ST-060,SV Road
2471,ST-060,SV Road
2472,ST-060,SV Road
2473,ST-060,SV Road
2474,ST-060,SV Road
2475,ST-060,SV Road
2476,ST-060,SV Road
2477,ST-060,SV Road
2478,ST-060,SV Road
2479,ST-060,SV Road
2480,ST-060,SV Road
2481,ST-060,SV Road
2482,ST-060,SV Road
2483,ST-060,SV Road
2484,ST-060,SV Road
2485,ST-060,SV Road
2486,ST-060,SV Road
2487,ST-060,SV Road
2488,ST-060,SV Road
2489,ST-060,SV Road
2490,ST-060,SV Road
2491,ST-060,SV Road
2492,ST-060,SV Road
2493,ST-060,SV Road
2494,ST-060,SV Road
2495,ST-060,SV Road
2496,ST-060,SV Road
2497,ST-060,SV Road
2498,ST-060,SV Road
2499,ST-060,SV Road
2500,ST-060,SV Road
2501,ST-060,SV Road
2502,ST-060,SV Road
2503,ST-060,SV Road
2504,ST-060,SV Road
2505,ST-060,SV Road
2506,ST-060,SV Road
2507,ST-060,SV Road
2508,ST-060,SV Road
2509,ST-060,SV Road
2510,ST-060,SV Road
2511,ST-060,SV Road
2512,ST-060,SV Road
2513,ST-060,SV Road
2514,ST-060,SV Road
2515,ST-060,SV Road
2516,ST-060,SV Road
2517,ST-060,SV Road
2518,ST-060,SV Road
2519,ST-060,SV Road
2520,ST-060,SV Road
2521,ST-060,SV Road
2522,ST-060,SV Road
2523,ST-060,SV Road
2524,ST-060,SV Road
2525,ST-060,SV Road
2526,ST-060,SV Road
2527,ST-060,SV Road
2528,ST-060,SV Road
2529,ST-060,SV Road
2530,ST-060,SV Road
2531,ST-060,SV Road
2532,ST-060,SV Road
2533,ST-060,SV Road
2534,ST-060,SV Road
2535,ST-060,SV Road
2536,ST-060,SV Road
2537,ST-060,SV Road
2538,ST-060,SV Road
2539,ST-060,SV Road
2540,ST-060,SV Road
2541,ST-060,SV Road
2542,ST-060,SV Road
2543,ST-060,SV Road
2544,ST-060,SV Road
2545,ST-060,SV Road
2546,ST-060,SV Road
2547,ST-060,SV Road
2548,ST-060,SV Road
2549,ST-060,SV Road
2550,ST-060,SV Road
2551,ST-060,SV Road
2552,ST-060,SV Road
2553,ST-060,SV Road
2554,ST-060,SV Road
2555,ST-060,SV Road
2556,ST-060,SV Road
2557,ST-060,SV Road
2558,ST-060,SV Road
2559,ST-060,SV Road
2560,ST-060,SV Road
2561,ST-060,SV Road
2562,ST-060,SV Road
2563,ST-060,SV Road
2564,ST-060,SV Road
2565,ST-060,SV Road
2566,ST-060,SV Road
2567,ST-060,SV Road
2568,ST-060,SV Road
2569,ST-060,SV Road
2570,ST-060,SV Road
2571,ST-060,SV Road
2572,ST-060,SV Road
2573,ST-060,SV Road
2574,ST-060,SV Road
2575,ST-060,SV Road
2576,ST-060,SV Road
2577,ST-060,SV Road
2578,ST-060,SV Road
2579,ST-060,SV Road
2580,ST-060,SV Road
2581,ST-060,SV Road
2582,ST-060,SV Road
2583,ST-060,SV Road
2584,ST-060,SV Road
2585,ST-060,SV Road
2586,ST-060,SV Road
2587,ST-060,SV Road
2588,ST-060,SV Road
2589,ST-060,SV Road
2590,ST-060,SV Road
2591,ST-060,SV Road
2592,ST-060,SV Road
2593,ST-060,SV Road
2594,ST-060,SV Road
2595,ST-060,SV Road
2596,ST-060,SV Road
2597,ST-060,SV Road
2598,ST-060,SV Road
2599,ST-060,SV Road
2600,ST-060,SV Road
2601,ST-060,SV Road
2602,ST-060,SV Road
2603,ST-060,SV Road
2604,ST-060,SV Road
2605,ST-060,SV Road
2606,ST-060,SV Road
2607,ST-060,SV Road
2608,ST-060,SV Road
3504,ST-060,SV Road
3505,ST-060,SV Road
3506,ST-060,SV Road
3507,ST-060,SV Road
3550,ST-060,SV Road
3551,ST-060,SV Road
3552,ST-060,SV Road
3553,ST-060,SV Road
3554,ST-060,SV Road
3555,ST-060,SV Road
3556,ST-060,SV Road
3557,ST-060,SV Road
3558,ST-060,SV Road
3559,ST-060,SV Road
3560,ST-060,SV Road
3561,ST-060,SV Road
3562,ST-060,SV Road
3563,ST-060,SV Road
3564,ST-060,SV Road
3565,ST-060,SV Road
3566,ST-060,SV Road
3567,ST-060,SV Road
3568,ST-060,SV Road
3569,ST-060,SV Road
3570,ST-060,SV Road
3571,ST-060,SV Road
3572,ST-060,SV Road
3573,ST-060,SV Road
3574,ST-060,SV Road
3575,ST-060,SV Road
3576,ST-060,SV Road
3577,ST-060,SV Road
3578,ST-060,SV Road
3579,ST-060,SV Road
3580,ST-060,SV Road
3581,ST-060,SV Road
3582,ST-060,SV Road
3583,ST-060,SV Road
3584,ST-060,SV Road
3585,ST-060,SV Road
3586,ST-060,SV Road
3587,ST-060,SV Road
3588,ST-060,SV Road
3589,ST-060,SV Road
3590,ST-060,SV Road
3591,ST-060,SV Road
3592,ST-060,SV Road
3593,ST-060,SV Road
3594,ST-060,SV Road
3595,ST-060,SV Road
3596,ST-060,SV Road
3597,ST-060,SV Road
3598,ST-060,SV Road
3599,ST-060,SV Road
3600,ST-060,SV Road
3601,ST-060,SV Road
3602,ST-060,SV Road
3603,ST-060,SV Road
3604,ST-060,SV Road
3605,ST-060,SV Road
3606,ST-060,SV Road
3607,ST-060,SV Road
3608,ST-060,SV Road
3609,ST-060,SV Road
3610,ST-060,SV Road
3611,ST-060,SV Road
3612,ST-060,SV Road
3613,ST-060,SV Road
3614,ST-060,SV Road
3615,ST-060,SV Road
3616,ST-060,SV Road
3617,ST-060,SV Road
3618,ST-060,SV Road
3619,ST-060,SV Road
3620,ST-060,SV Road
3621,ST-060,SV Road
3622,ST-060,SV Road
3623,ST-060,SV Road
3624,ST-060,SV Road
3625,ST-060,SV Road
3626,ST-060,SV Road
3627,ST-060,SV Road
3628,ST-060,SV Road
3629,ST-060,SV Road
3630,ST-060,SV Road
3631,ST-060,SV Road
3632,ST-060,SV Road
3633,ST-060,SV Road
3634,ST-060,SV Road
3635,ST-060,SV Road
3636,ST-060,SV Road
3637,ST-060,SV Road
3638,ST-060,SV Road
3639,ST-060,SV Road
3640,ST-060,SV Road
3641,ST-060,SV Road
3642,ST-060,SV Road
3643,ST-060,SV Road
3644,ST-060,SV Road
3645,ST-060,SV Road
3646,ST-060,SV Road
3647,ST-060,SV Road
3648,ST-060,SV Road
3649,ST-060,SV Road
3650,ST-060,SV Road
3651,ST-060,SV Road
3652,ST-060,SV Road
3653,ST-060,SV Road
3654,ST-060,SV Road
3655,ST-060,SV Road
3656,ST-060,SV Road
3657,ST-060,SV Road
3658,ST-060,SV Road
3659,ST-060,SV Road
3660,ST-060,SV Road
3661,ST-060,SV Road
3662,ST-060,SV Road
3663,ST-060,SV Road
3664,ST-060,SV Road
3665,ST-060,SV Road
3666,ST-060,SV Road
3667,ST-060,SV Road
3668,ST-060,SV Road
3669,ST-060,SV Road
3670,ST-060,SV Road
3671,ST-060,SV Road
3672,ST-060,SV Road
3673,ST-060,SV Road
3674,ST-060,SV Road
3675,ST-060,SV Road
3676,ST-060,SV Road
3677,ST-060,SV Road
3678,ST-060,SV Road
3679,ST-060,SV Road
3680,ST-060,SV Road
3681,ST-060,SV Road
3682,ST-060,SV Road
3683,ST-060,SV Road
3684,ST-060,SV Road
3685,ST-060,SV Road
3686,ST-060,SV Road
3687,ST-060,SV Road
3688,ST-060,SV Road
3689,ST-060,SV Road
3690,ST-060,SV Road
3691,ST-060,SV Road
3692,ST-060,SV Road
3693,ST-060,SV Road
3694,ST-060,SV Road
3695,ST-060,SV Road
3696,ST-060,SV Road
3697,ST-060,SV Road
3698,ST-060,SV Road
3699,ST-060,SV Road
3700,ST-060,SV Road
3701,ST-060,SV Road
3702,ST-060,SV Road
3703,ST-060,SV Road
3704,ST-060,SV Road
3705,ST-060,SV Road
3706,ST-060,SV Road
3707,ST-060,SV Road
3708,ST-060,SV Road
3709,ST-060,SV Road
3710,ST-060,SV Road
3711,ST-060,SV Road
3712,ST-060,SV Road
3713,ST-060,SV Road
3714,ST-060,SV Road
3715,ST-060,SV Road
3716,ST-060,SV Road
3717,ST-060,SV Road
3718,ST-060,SV Road
3719,ST-060,SV Road
3720,ST-060,SV Road
3721,ST-060,SV Road
3722,ST-060,SV Road
3723,ST-060,SV Road
3724,ST-060,SV Road
3725,ST-060,SV Road
3726,ST-060,SV Road
3727,ST-060,SV Road
3728,ST-060,SV Road
3729,ST-060,SV Road
3730,ST-060,SV Road
3731,ST-060,SV Road
3732,ST-060,SV Road
3733,ST-060,SV Road
3734,ST-060,SV Road
3735,ST-060,SV Road
3736,ST-060,SV Road
3737,ST-060,SV Road
3738,ST-060,SV Road
3739,ST-060,SV Road
3740,ST-060,SV Road
3741,ST-060,SV Road
3742,ST-060,SV Road
3743,ST-060,SV Road
3744,ST-060,SV Road
3745,ST-060,SV Road
3746,ST-060,SV Road
3747,ST-060,SV Road
3748,ST-060,SV Road
3749,ST-060,SV Road
3750,ST-060,SV Road
3751,ST-060,SV Road
3752,ST-060,SV Road
3753,ST-060,SV Road
3754,ST-060,SV Road
3755,ST-060,SV Road
3756,ST-060,SV Road
4090,ST-060,SV Road
4091,ST-060,SV Road
4092,ST-060,SV Road
4093,ST-060,SV Road
4094,ST-060,SV Road
4095,ST-060,SV Road
4096,ST-060,SV Road
4097,ST-060,SV Road
4098,ST-060,SV Road
4099,ST-060,SV Road
4100,ST-060,SV Road
4101,ST-060,SV Road
4102,ST-060,SV Road
4103,ST-060,SV Road
4104,ST-060,SV Road
4105,ST-060,SV Road
4106,ST-060,SV Road
4107,ST-060,SV Road
4108,ST-060,SV Road
4109,ST-060,SV Road
4110,ST-060,SV Road
4111,ST-060,SV Road
4112,ST-060,SV Road
4113,ST-060,SV Road
4114,ST-060,SV Road
4115,ST-060,SV Road
4116,ST-060,SV Road
4117,ST-060,SV Road
4118,ST-060,SV Road
4119,ST-060,SV Road
4120,ST-060,SV Road
3132,ST-061,Thakur Mall Highway
4046,ST-063,Vashi Station Road
4047,ST-063,Vashi Station Road
4048,ST-063,Vashi Station Road
4049,ST-063,Vashi Station Road
4050,ST-063,Vashi Station Road
4051,ST-063,Vashi Station Road
4052,ST-063,Vashi Station Road
4054,ST-064,Versova Road
4055,ST-064,Versova Road
4056,ST-064,Versova Road
4057,ST-064,Versova Road
4193,ST-066,Warden Road
2015,ST-067,Western Express Highway
4318,ST-068,Yari Road
4319,ST-068,Yari Road
4320,ST-068,Yari Road
