building_id,canonical_name,alias_added,reason,rule_triggered,confidence,resolved_by,timestamp
176,Aashirwad,Aashirwad,Identical fingerprint (same name+dev+area+coords after rules),Fingerprint match,100,AI,2026-06-26
220,Aston,Aston,Identical fingerprint (same name+dev+area+coords after rules),Fingerprint match,100,AI,2026-06-26
286,DLH Leo,DLH Leo,Identical fingerprint (same name+dev+area+coords after rules),Fingerprint match,100,AI,2026-06-26
297,Deep Tower,Deep Tower,Identical fingerprint (same name+dev+area+coords after rules),Fingerprint match,100,AI,2026-06-26
363,Green Tower,Green Tower,Identical fingerprint (same name+dev+area+coords after rules),Fingerprint match,100,AI,2026-06-26
432,Landmark,Landmark,Identical fingerprint (same name+dev+area+coords after rules),Fingerprint match,100,AI,2026-06-26
467,Madhuban Tower,Madhuban Tower,Identical fingerprint (same name+dev+area+coords after rules),Fingerprint match,100,AI,2026-06-26
471,Mahalaxmi Tower,Mahalaxmi Tower,Identical fingerprint (same name+dev+area+coords after rules),Fingerprint match,100,AI,2026-06-26
478,Manju Tower,Manju Tower,Identical fingerprint (same name+dev+area+coords after rules),Fingerprint match,100,AI,2026-06-26
541,Olympic Tower,Olympic Tower,Identical fingerprint (same name+dev+area+coords after rules),Fingerprint match,100,AI,2026-06-26
550,Palash Tower,Palash Tower,Identical fingerprint (same name+dev+area+coords after rules),Fingerprint match,100,AI,2026-06-26
601,Raheja Classique,Raheja Classique,Identical fingerprint (same name+dev+area+coords after rules),Fingerprint match,100,AI,2026-06-26
601,Raheja Classique,Raheja Classique,Identical fingerprint (same name+dev+area+coords after rules),Fingerprint match,100,AI,2026-06-26
644,Rushi Tower,Rushi Tower,Identical fingerprint (same name+dev+area+coords after rules),Fingerprint match,100,AI,2026-06-26
17,Lumiere,Lumiere,Identical fingerprint (same name+dev+area+coords after rules),Fingerprint match,100,AI,2026-06-26
763,Transcon Triumph -,Transcon Triumph -,Identical fingerprint (same name+dev+area+coords after rules),Fingerprint match,100,AI,2026-06-26
793,Vinit Tower,Vinit Tower,Identical fingerprint (same name+dev+area+coords after rules),Fingerprint match,100,AI,2026-06-26
809,Woodland CHS,Woodland CHS,Identical fingerprint (same name+dev+area+coords after rules),Fingerprint match,100,AI,2026-06-26
842,Continental Tower,Continental Tower,Identical fingerprint (same name+dev+area+coords after rules),Fingerprint match,100,AI,2026-06-26
842,Continental Tower,Continental Tower,Identical fingerprint (same name+dev+area+coords after rules),Fingerprint match,100,AI,2026-06-26
847,Dheeraj Swapna,Dheeraj Swapna,Identical fingerprint (same name+dev+area+coords after rules),Fingerprint match,100,AI,2026-06-26
1229,Rustomjee Orva,Rustomjee Orva,Identical fingerprint (same name+dev+area+coords after rules),Fingerprint match,100,AI,2026-06-26
1078,Jackers,Jackers,Identical fingerprint (same name+dev+area+coords after rules),Fingerprint match,100,AI,2026-06-26
1208,Presidential,Presidential,Identical fingerprint (same name+dev+area+coords after rules),Fingerprint match,100,AI,2026-06-26
1495,Sunshine Apartment,Sunshine Apartment,Identical fingerprint (same name+dev+area+coords after rules),Fingerprint match,100,AI,2026-06-26
1652,Kohinoor Square,Kohinoor Square,Identical fingerprint (same name+dev+area+coords after rules),Fingerprint match,100,AI,2026-06-26
1685,Baya Park,Baya Park,Identical fingerprint (same name+dev+area+coords after rules),Fingerprint match,100,AI,2026-06-26
1770,Wadhwa,Wadhwa,Identical fingerprint (same name+dev+area+coords after rules),Fingerprint match,100,AI,2026-06-26
1913,Harmony CHS,Harmony CHS,Identical fingerprint (same name+dev+area+coords after rules),Fingerprint match,100,AI,2026-06-26
1962,Sunteck City Avenue,Sunteck City Avenue,Identical fingerprint (same name+dev+area+coords after rules),Fingerprint match,100,AI,2026-06-26
1962,Sunteck City Avenue,Sunteck City Avenue,Identical fingerprint (same name+dev+area+coords after rules),Fingerprint match,100,AI,2026-06-26
2171,Kalpataru,Kalpataru,Identical fingerprint (same name+dev+area+coords after rules),Fingerprint match,100,AI,2026-06-26
2228,Breezy Corner,Breezy Corner,Identical fingerprint (same name+dev+area+coords after rules),Fingerprint match,100,AI,2026-06-26
1098,Kalpana,Kalpana,Identical fingerprint (same name+dev+area+coords after rules),Fingerprint match,100,AI,2026-06-26
2527,Sagar Apartment,Sagar Apartment,Identical fingerprint (same name+dev+area+coords after rules),Fingerprint match,100,AI,2026-06-26
2702,Mermit Tower,Mermit Tower,Identical fingerprint (same name+dev+area+coords after rules),Fingerprint match,100,AI,2026-06-26
2716,Phoenix Tower,Phoenix Tower,Identical fingerprint (same name+dev+area+coords after rules),Fingerprint match,100,AI,2026-06-26
2663,Auro,Auro,Identical fingerprint (same name+dev+area+coords after rules),Fingerprint match,100,AI,2026-06-26
2666,Baya Central,Baya Central,Identical fingerprint (same name+dev+area+coords after rules),Fingerprint match,100,AI,2026-06-26
2756,Piramal Mahalaxmi Central,Piramal Mahalaxmi Central,Identical fingerprint (same name+dev+area+coords after rules),Fingerprint match,100,AI,2026-06-26
2759,Prestige Turf,Prestige Turf,Identical fingerprint (same name+dev+area+coords after rules),Fingerprint match,100,AI,2026-06-26
2783,Nishat,Nishat,Identical fingerprint (same name+dev+area+coords after rules),Fingerprint match,100,AI,2026-06-26
3120,Dalamal Tower,Dalamal Tower,Identical fingerprint (same name+dev+area+coords after rules),Fingerprint match,100,AI,2026-06-26
3125,Mittal Tower,Mittal Tower,Identical fingerprint (same name+dev+area+coords after rules),Fingerprint match,100,AI,2026-06-26
3193,Ashok Tower,Ashok Tower,Identical fingerprint (same name+dev+area+coords after rules),Fingerprint match,100,AI,2026-06-26
3239,Alpana,Alpana,Identical fingerprint (same name+dev+area+coords after rules),Fingerprint match,100,AI,2026-06-26
3329,LandT Emerald Isle,LandT Emerald Isle,Identical fingerprint (same name+dev+area+coords after rules),Fingerprint match,100,AI,2026-06-26
3419,Chaitanya Tower,Chaitanya Tower,Identical fingerprint (same name+dev+area+coords after rules),Fingerprint match,100,AI,2026-06-26
3438,Kuber Tower,Kuber Tower,Identical fingerprint (same name+dev+area+coords after rules),Fingerprint match,100,AI,2026-06-26
767,Twin Tower,Twin Tower,Identical fingerprint (same name+dev+area+coords after rules),Fingerprint match,100,AI,2026-06-26
3575,Business Suites 9,Business Suites 9,Identical fingerprint (same name+dev+area+coords after rules),Fingerprint match,100,AI,2026-06-26
3587,Dheeraj Heritage,Dheeraj Heritage,Identical fingerprint (same name+dev+area+coords after rules),Fingerprint match,100,AI,2026-06-26
590,Prem Sagar,Prem Sagar,Identical fingerprint (same name+dev+area+coords after rules),Fingerprint match,100,AI,2026-06-26
684,Serenity Tower,Serenity Tower,Identical fingerprint (same name+dev+area+coords after rules),Fingerprint match,100,AI,2026-06-26
3796,Imperial Tower,Imperial Tower,Identical fingerprint (same name+dev+area+coords after rules),Fingerprint match,100,AI,2026-06-26
4060,Godrej Trees,Godrej Trees,Identical fingerprint (same name+dev+area+coords after rules),Fingerprint match,100,AI,2026-06-26
2678,Lodha Adrina,Lodha Adrina,Identical fingerprint (same name+dev+area+coords after rules),Fingerprint match,100,AI,2026-06-26
2681,Lodha Park,Lodha Park,Identical fingerprint (same name+dev+area+coords after rules),Fingerprint match,100,AI,2026-06-26
2685,Lodha Trump,Lodha Trump,Identical fingerprint (same name+dev+area+coords after rules),Fingerprint match,100,AI,2026-06-26
2685,Lodha Trump,Lodha Trump,Identical fingerprint (same name+dev+area+coords after rules),Fingerprint match,100,AI,2026-06-26
546,Orchid Tower,Orchid Tower,Identical fingerprint (same name+dev+area+coords after rules),Fingerprint match,100,AI,2026-06-26
3252,Poonam Apartment,Poonam Apartment,Identical fingerprint (same name+dev+area+coords after rules),Fingerprint match,100,AI,2026-06-26
4283,Runwal Reserve,Runwal Reserve,Identical fingerprint (same name+dev+area+coords after rules),Fingerprint match,100,AI,2026-06-26
4302,Trump Tower,Trump Tower,Identical fingerprint (same name+dev+area+coords after rules),Fingerprint match,100,AI,2026-06-26
716,Silver Sand,Silver Sands,✓ High name similarity 96%; ✓ Same area: Andheri West; ✓ Same coordinates (0.0km apart),Rule 3: name>=95% / same area / same coords,85,AI,2026-06-26
1274,Singer Wood,Singers Wood,✓ High name similarity 96%; ✓ Same area: Bandra West; ✓ Same coordinates (0.0km apart),Rule 3: name>=95% / same area / same coords,85,AI,2026-06-26
716,Silver Sand,Silver Sands,✓ High name similarity 96%; ✓ Same area: Goregaon West; ✓ Same coordinates (0.0km apart),Rule 3: name>=95% / same area / same coords,85,AI,2026-06-26
1088,June Blossom,June Blossoms,✓ High name similarity 96%; ✓ Same area: Bandra West; ✓ Same coordinates (0.0km apart),Rule 3: name>=95% / same area / same coords,85,AI,2026-06-26
84,Kanakia Rain Forest,Kanakia Rainforest,✓ High name similarity 97%; ✓ Same area: Andheri East; ✓ Same developer: Kanakia Group; ✓ Same coordinates (0.0km apart),Rule 3: name>=95% / same area / same coords,100,AI,2026-06-26
1435,Kastur Park,Kasturpark,✓ High name similarity 95%; ✓ Same area: Borivali West; ✓ Same coordinates (0.0km apart),Rule 3: name>=95% / same area / same coords,85,AI,2026-06-26
1470,Kala Niketan,Kalaniketan,✓ High name similarity 96%; ✓ Same area: Breach Candy; ✓ Same coordinates (0.0km apart),Rule 3: name>=95% / same area / same coords,85,AI,2026-06-26
1916,Kalpataru Radiance,Kalpataru Radiance Ora,✓ High name similarity 90%; ✓ Same area: Goregaon West; ✓ Same developer: Kalpataru Group; ✓ Same coordinates (0.0km apart),Score 100 / same area,100,AI,2026-06-26
2171,Kalpataru Gardens,Kalpataru,✓ High name similarity 90%; ✓ Same area: Kandivali East; ✓ Same developer: Kalpataru Group; ✓ Same coordinates (0.0km apart),Score 100 / same area,100,AI,2026-06-26
0,Kalpataru,Kalpataru Vienta,✓ High name similarity 90%; ✓ Same area: Kandivali East; ✓ Same developer: Kalpataru Group; ✓ Same coordinates (0.0km apart),Score 100 / same area,100,AI,2026-06-26
0,Kalpataru Vienta,Kalpatru Vienta,✓ High name similarity 97%; ✓ Same area: Kandivali East; ~ Partial developer info; ✓ Same coordinates (0.0km apart),Rule 3: name>=95% / same area / same coords,88,AI,2026-06-26
2241,Kalpavruksh Garden,Kalpavruksh Gardens,✓ High name similarity 97%; ✓ Same area: Kandivali West; ✓ Same coordinates (0.0km apart),Rule 3: name>=95% / same area / same coords,85,AI,2026-06-26
3325,Kanakia Silicon Valley,Kanakia Silicon Valley Tower-C,✓ High name similarity 98%; ✓ Same area: Powai; ✓ Same developer: Kanakia Group; ✓ Same coordinates (0.0km apart),Rule 3: name>=95% / same area / same coords,100,AI,2026-06-26
3898,Kalpataru Hills,Kalpataru Hills Pristine,✓ High name similarity 90%; ✓ Same area: Thane West; ✓ Same developer: Kalpataru Group; ✓ Same coordinates (0.0km apart),Score 100 / same area,100,AI,2026-06-26
3901,Kalpataru Sunrise,Kalpataru Sunrise Kolshet,✓ High name similarity 90%; ✓ Same area: Thane West; ✓ Same developer: Kalpataru Group; ✓ Same coordinates (0.0km apart),Score 100 / same area,100,AI,2026-06-26
1840,Lodha Fiorenza,Lodha Fiorenza Milano,✓ High name similarity 90%; ✓ Same area: Goregaon East; ✓ Same developer: Lodha Group; ✓ Same coordinates (0.0km apart),Score 100 / same area,100,AI,2026-06-26
2681,Lodha Park,Lodha Parkside,✓ High name similarity 90%; ✓ Same area: Lower Parel; ✓ Same developer: Lodha Group; ✓ Same coordinates (0.0km apart),Score 100 / same area,100,AI,2026-06-26
2687,Lodha World Ciel Villa,Lodha World,✓ High name similarity 90%; ✓ Same area: Lower Parel; ✓ Same developer: Lodha Group; ✓ Same coordinates (0.0km apart),Score 100 / same area,100,AI,2026-06-26
2687,Lodha World Crest,Lodha World,✓ High name similarity 90%; ✓ Same area: Lower Parel; ✓ Same developer: Lodha Group; ✓ Same coordinates (0.0km apart),Score 100 / same area,100,AI,2026-06-26
2687,Lodha World One,Lodha World,✓ High name similarity 90%; ✓ Same area: Lower Parel; ✓ Same developer: Lodha Group; ✓ Same coordinates (0.0km apart),Score 100 / same area,100,AI,2026-06-26
4241,Lodha World,Lodha World View,✓ High name similarity 90%; ✓ Same area: Lower Parel; ✓ Same developer: Lodha Group; ✓ Same coordinates (0.0km apart),Score 100 / same area,100,AI,2026-06-26
2749,Lodha Primero,Lodha Primero - Mahalaxmi,✓ High name similarity 90%; ✓ Same area: Mahalakshmi; ✓ Same developer: Lodha Group; ✓ Same coordinates (0.0km apart),Score 100 / same area,100,AI,2026-06-26
3340,Lodha Bellagio,Lodha Bellagio Tower C,✓ High name similarity 93%; ✓ Same area: Powai; ✓ Same developer: Lodha Group; ✓ Same coordinates (0.0km apart),Score 100 / same area,100,AI,2026-06-26
3911,Lodha Luxuria,Lodha Luxuria Priva,✓ High name similarity 90%; ✓ Same area: Thane West; ✓ Same developer: Lodha Group; ✓ Same coordinates (0.0km apart),Score 100 / same area,100,AI,2026-06-26
3911,Lodha Luxuria,Lodha Luxuria Secret,✓ High name similarity 90%; ✓ Same area: Thane West; ✓ Same developer: Lodha Group; ✓ Same coordinates (0.0km apart),Score 100 / same area,100,AI,2026-06-26
4149,Lodha Supremus,Lodha Supremus Kolshet,✓ High name similarity 90%; ✓ Same area: Wadala; ✓ Same developer: Lodha Group; ✓ Same coordinates (0.0km apart),Score 100 / same area,100,AI,2026-06-26
2681,Lodha Park,Lodha Parkside,✓ High name similarity 90%; ✓ Same area: Worli; ✓ Same developer: Lodha Group; ✓ Same coordinates (0.0km apart),Score 100 / same area,100,AI,2026-06-26
1516,Prestige Jasdan,Prestige Jasdan Classic,✓ High name similarity 90%; ✓ Same area: Mahalakshmi; ✓ Same developer: Prestige Group; ✓ Same coordinates (0.0km apart),Score 100 / same area,100,AI,2026-06-26
3220,Prarthana Heights,Prathana Heights,✓ High name similarity 97%; ✓ Same area: Parel; ✓ Same coordinates (0.0km apart),Rule 3: name>=95% / same area / same coords,85,AI,2026-06-26
3947,Prestige Gardens,Prestige,✓ High name similarity 90%; ✓ Same area: Thane West; ✓ Same developer: Prestige Group; ✓ Same coordinates (0.0km apart),Score 100 / same area,100,AI,2026-06-26
0,Prestige,Prestige Valley,✓ High name similarity 90%; ✓ Same area: Thane West; ✓ Same developer: Prestige Group; ✓ Same coordinates (0.0km apart),Score 100 / same area,100,AI,2026-06-26
1397,Rivali Park,Rivali Park D,✓ High name similarity 92%; ✓ Same area: Borivali East; ✓ Same developer: Rivali Park; ✓ Same coordinates (0.0km apart),Score 100 / same area,100,AI,2026-06-26
1397,Rivali Park,Rivali Park F,✓ High name similarity 92%; ✓ Same area: Borivali East; ✓ Same developer: Rivali Park; ✓ Same coordinates (0.0km apart),Score 100 / same area,100,AI,2026-06-26
1397,Rivali Park D,Rivali Park F,✓ High name similarity 92%; ✓ Same area: Borivali East; ✓ Same developer: Rivali Park; ✓ Same coordinates (0.0km apart),Score 100 / same area,100,AI,2026-06-26
783,Versova Heaven,Versova Heavens,✓ High name similarity 97%; ✓ Same area: Andheri West; ✓ Same coordinates (0.0km apart),Rule 3: name>=95% / same area / same coords,85,AI,2026-06-26
510,Morya Landmark I,Morya Landmark II,✓ High name similarity 97%; ✓ Same area: Andheri West; ✓ Same coordinates (0.0km apart),Rule 3: name>=95% / same area / same coords,85,AI,2026-06-26
576,Platinium Casa Divine,Platinum Casa Divine,✓ High name similarity 98%; ✓ Same area: Andheri West; ✓ Same coordinates (0.0km apart),Rule 3: name>=95% / same area / same coords,85,AI,2026-06-26
577,Platinum Casa Millenia,Platinum Casa Millennia,✓ High name similarity 98%; ✓ Same area: Andheri West; ✓ Same coordinates (0.0km apart),Rule 3: name>=95% / same area / same coords,85,AI,2026-06-26
618,Remi Biz Court,Remi Bizcourt,✓ High name similarity 96%; ✓ Same area: Andheri West; ✓ Same developer: Remi Group; ✓ Same coordinates (0.0km apart),Rule 3: name>=95% / same area / same coords,100,AI,2026-06-26
214,Arshi Complex,Arshie Complex,✓ High name similarity 96%; ✓ Same area: Andheri West; ✓ Same coordinates (0.0km apart),Rule 3: name>=95% / same area / same coords,85,AI,2026-06-26
3558,Ariisto Sapphire,Aristo Sapphire,✓ High name similarity 97%; ✓ Same area: Santacruz West; ✓ Same coordinates (0.0km apart),Rule 3: name>=95% / same area / same coords,85,AI,2026-06-26
219,Ashtavinayak CHS,Astavinayak,✓ High name similarity 96%; ✓ Same area: Andheri West; ✓ Same coordinates (0.0km apart),Rule 3: name>=95% / same area / same coords,85,AI,2026-06-26
941,Ashiana,Ashiana Glaxo,✓ High name similarity 90%; ✓ Same area: Bandra West; ✓ Same developer: Ashiana Group; ✓ Same coordinates (0.0km apart),Score 100 / same area,100,AI,2026-06-26
3414,Bay View Terraces,Bayview Terraces,✓ High name similarity 97%; ✓ Same area: Prabhadevi; ✓ Same coordinates (0.0km apart),Rule 3: name>=95% / same area / same coords,85,AI,2026-06-26
2789,Blue Mountain,Blue Mountains,✓ High name similarity 96%; ✓ Same area: Malad East; ✓ Same coordinates (0.0km apart),Rule 3: name>=95% / same area / same coords,85,AI,2026-06-26
2855,Blu Horizon,Blue Horizon,✓ High name similarity 96%; ✓ Same area: Malad West; ✓ Same coordinates (0.0km apart),Rule 3: name>=95% / same area / same coords,85,AI,2026-06-26
258,Chitralekha Haritage,Chitralekha Heritage,✓ High name similarity 95%; ✓ Same area: Andheri West; ✓ Same coordinates (0.0km apart),Rule 3: name>=95% / same area / same coords,85,AI,2026-06-26
272,Crescent Royal,Crescent Royale,✓ High name similarity 97%; ✓ Same area: Andheri West; ✓ Same coordinates (0.0km apart),Rule 3: name>=95% / same area / same coords,85,AI,2026-06-26
326,Evershine Green Tower,Evershine Greens,✓ High name similarity 97%; ✓ Same area: Andheri West; ✓ Same coordinates (0.0km apart),Rule 3: name>=95% / same area / same coords,85,AI,2026-06-26
1907,Garden Estate,Garden Estates,✓ High name similarity 96%; ✓ Same area: Goregaon West; ✓ Same coordinates (0.0km apart),Rule 3: name>=95% / same area / same coords,85,AI,2026-06-26
2233,Gaurav Garden,Gaurav Gardens,✓ High name similarity 96%; ✓ Same area: Kandivali West; ✓ Same coordinates (0.0km apart),Rule 3: name>=95% / same area / same coords,85,AI,2026-06-26
69,Green Woods,Greenwoods CHS,✓ High name similarity 95%; ✓ Same area: Andheri East; ✓ Same coordinates (0.0km apart),Rule 3: name>=95% / same area / same coords,85,AI,2026-06-26
2048,Green Field Society,Green Fields Society,✓ High name similarity 97%; ✓ Same area: Juhu; ✓ Same coordinates (0.0km apart),Rule 3: name>=95% / same area / same coords,85,AI,2026-06-26
372,Gurukrupa Dhayanam,Gurukrupa Dhyanam,✓ High name similarity 97%; ✓ Same area: Andheri West; ✓ Same coordinates (0.0km apart),Rule 3: name>=95% / same area / same coords,85,AI,2026-06-26
3886,Hiranandani Meadows,"Hiranandani Meadows, Manpada",✓ High name similarity 90%; ✓ Same area: Thane West; ✓ Same developer: Hiranandani Group; ✓ Same coordinates (0.0km apart),Score 100 / same area,100,AI,2026-06-26
73,Hub Town Solaris,Hubtown Solaris,✓ High name similarity 97%; ✓ Same area: Andheri East; ~ Partial developer info; ✓ Same coordinates (0.0km apart),Rule 3: name>=95% / same area / same coords,88,AI,2026-06-26
384,Hubtown Premier,Hubtown Premiere,✓ High name similarity 97%; ✓ Same area: Andheri West; ✓ Same developer: Hubtown; ✓ Same coordinates (0.0km apart),Rule 3: name>=95% / same area / same coords,100,AI,2026-06-26
384,Hubtown Premier,Hubtown Premiere Residences,✓ High name similarity 90%; ✓ Same area: Andheri West; ✓ Same developer: Hubtown; ✓ Same coordinates (0.0km apart),Score 100 / same area,100,AI,2026-06-26
384,Hubtown Premier,Hubtown Premiere Residence,✓ High name similarity 90%; ✓ Same area: Andheri West; ✓ Same developer: Hubtown; ✓ Same coordinates (0.0km apart),Score 100 / same area,100,AI,2026-06-26
384,Hubtown Premiere,Hubtown Premiere Residences,✓ High name similarity 90%; ✓ Same area: Andheri West; ✓ Same developer: Hubtown; ✓ Same coordinates (0.0km apart),Score 100 / same area,100,AI,2026-06-26
384,Hubtown Premiere,Hubtown Premiere Residence,✓ High name similarity 90%; ✓ Same area: Andheri West; ✓ Same developer: Hubtown; ✓ Same coordinates (0.0km apart),Score 100 / same area,100,AI,2026-06-26
384,Hubtown Premiere Residences,Hubtown Premiere Residence,✓ Name similarity 98%; ✓ Same area: Andheri West; ✓ Same developer: Hubtown; ✓ Same coordinates (0.0km apart),Rule 1: name>=98% / same area / same developer,100,AI,2026-06-26
2892,Metro Millenium,Metro Millennium,✓ High name similarity 97%; ✓ Same area: Malad West; ✓ Same coordinates (0.0km apart),Rule 3: name>=95% / same area / same coords,85,AI,2026-06-26
493,Millenium Court,Millennium Court,✓ High name similarity 97%; ✓ Same area: Andheri West; ✓ Same coordinates (0.0km apart),Rule 3: name>=95% / same area / same coords,85,AI,2026-06-26
1179,Nibbana Annex,Nibbana Annexe,✓ High name similarity 96%; ✓ Same area: Bandra West; ✓ Same coordinates (0.0km apart),Rule 3: name>=95% / same area / same coords,85,AI,2026-06-26
106,Oberoi Garden,Oberoi Garden Estate,✓ High name similarity 90%; ✓ Same area: Andheri East; ✓ Same developer: Oberoi Realty; ✓ Same coordinates (0.0km apart),Score 100 / same area,100,AI,2026-06-26
109,Oberoi Splendor,Oberoi Splendor Grande,✓ High name similarity 90%; ✓ Same area: Andheri East; ✓ Same developer: Oberoi Realty; ✓ Same coordinates (0.0km apart),Score 100 / same area,100,AI,2026-06-26
538,Oberoi Sky Heights,Oberoi Skyheights,✓ High name similarity 97%; ✓ Same area: Andheri West; ✓ Same developer: Oberoi Realty; ✓ Same coordinates (0.0km apart),Rule 3: name>=95% / same area / same coords,100,AI,2026-06-26
539,Oberoi Spring,Oberoi Springs,✓ High name similarity 96%; ✓ Same area: Andheri West; ✓ Same developer: Oberoi Realty; ✓ Same coordinates (0.0km apart),Rule 3: name>=95% / same area / same coords,100,AI,2026-06-26
2804,Omkar Alta Monte,Omkar Alta Monte Tower A,✓ High name similarity 94%; ✓ Same area: Malad East; ✓ Same developer: Omkar Realtors; ✓ Same coordinates (0.0km apart),Score 100 / same area,100,AI,2026-06-26
557,Paradigm Antalia,Paradigm Antaliya,✓ High name similarity 97%; ✓ Same area: Andheri West; ✓ Same coordinates (0.0km apart),Rule 3: name>=95% / same area / same coords,85,AI,2026-06-26
0,Paradigm Antaliya,Paradigm Antalya,✓ High name similarity 97%; ✓ Same area: Andheri West; ✓ Same coordinates (0.0km apart),Rule 3: name>=95% / same area / same coords,85,AI,2026-06-26
574,Peninsula Park,Peninsular Park,✓ High name similarity 97%; ✓ Same area: Andheri West; ✓ Same developer: Peninsula Group; ✓ Same coordinates (0.0km apart),Rule 3: name>=95% / same area / same coords,100,AI,2026-06-26
1506,Piramal Aarav,Piramal Arav,✓ High name similarity 96%; ✓ Same area: Byculla; ✓ Same developer: Piramal Realty; ✓ Same coordinates (0.0km apart),Rule 3: name>=95% / same area / same coords,100,AI,2026-06-26
1507,Piramal Aranya,Piramal Aranya Ahan,✓ High name similarity 90%; ✓ Same area: Byculla; ✓ Same developer: Piramal Realty; ✓ Same coordinates (0.0km apart),Score 100 / same area,100,AI,2026-06-26
1507,Piramal Aranya,Piramal Aranya Arav,✓ High name similarity 90%; ✓ Same area: Byculla; ✓ Same developer: Piramal Realty; ✓ Same coordinates (0.0km apart),Score 100 / same area,100,AI,2026-06-26
1507,Piramal Aranya,Piramal Aranya Avyan,✓ High name similarity 90%; ✓ Same area: Byculla; ✓ Same developer: Piramal Realty; ✓ Same coordinates (0.0km apart),Score 100 / same area,100,AI,2026-06-26
1507,Piramal Aranya Ahan,Piramal Aranya Avyan,✓ High name similarity 92%; ✓ Same area: Byculla; ✓ Same developer: Piramal Realty; ✓ Same coordinates (0.0km apart),Score 100 / same area,100,AI,2026-06-26
2756,Piramal Mahalaxmi,Piramal Mahalaxmi Central,✓ High name similarity 90%; ✓ Same area: Mahalakshmi; ✓ Same developer: Piramal Realty; ✓ Same coordinates (0.0km apart),Score 100 / same area,100,AI,2026-06-26
2756,Piramal Mahalaxmi,Piramal Mahalaxmi North,✓ High name similarity 90%; ✓ Same area: Mahalakshmi; ✓ Same developer: Piramal Realty; ✓ Same coordinates (0.0km apart),Score 100 / same area,100,AI,2026-06-26
2756,Piramal Mahalaxmi,Piramal Mahalaxmi South,✓ High name similarity 90%; ✓ Same area: Mahalakshmi; ✓ Same developer: Piramal Realty; ✓ Same coordinates (0.0km apart),Score 100 / same area,100,AI,2026-06-26
2756,Piramal Mahalaxmi North,Piramal Mahalaxmi South,✓ High name similarity 91%; ✓ Same area: Mahalakshmi; ✓ Same developer: Piramal Realty; ✓ Same coordinates (0.0km apart),Score 100 / same area,100,AI,2026-06-26
3942,Piramal Vaikunth,Piramal Vaikunth Vairat,✓ High name similarity 90%; ✓ Same area: Thane West; ✓ Same developer: Piramal Realty; ✓ Same coordinates (0.0km apart),Score 100 / same area,100,AI,2026-06-26
3942,Piramal Vaikunth,Piramal Vaikunth Vyan,✓ High name similarity 90%; ✓ Same area: Thane West; ✓ Same developer: Piramal Realty; ✓ Same coordinates (0.0km apart),Score 100 / same area,100,AI,2026-06-26
1856,Raheja Heights,Raheja Heights Wing E,✓ High name similarity 90%; ✓ Same area: Goregaon East; ✓ Same developer: K. Raheja Group; ✓ Same coordinates (0.0km apart),Score 100 / same area,100,AI,2026-06-26
2760,Raheja Vivarea,Raheja Vivarea Tower E,✓ High name similarity 93%; ✓ Same area: Mahalakshmi; ✓ Same developer: K. Raheja Group; ✓ Same coordinates (0.0km apart),Score 100 / same area,100,AI,2026-06-26
2806,Raheja,Raheja Township,✓ High name similarity 90%; ✓ Same area: Malad East; ✓ Same developer: K. Raheja Group; ✓ Same coordinates (0.0km apart),Score 100 / same area,100,AI,2026-06-26
2904,Raheja Exotica,Raheja Exotica Cyprus,✓ High name similarity 90%; ✓ Same area: Malad West; ✓ Same developer: K. Raheja Group; ✓ Same coordinates (0.0km apart),Score 100 / same area,100,AI,2026-06-26
2904,Raheja Exotica,Raheja Exotica Sorento,✓ High name similarity 90%; ✓ Same area: Malad West; ✓ Same developer: K. Raheja Group; ✓ Same coordinates (0.0km apart),Score 100 / same area,100,AI,2026-06-26
2905,Raheja Interface,Raheja Interface Heights,✓ High name similarity 90%; ✓ Same area: Malad West; ✓ Same developer: K. Raheja Group; ✓ Same coordinates (0.0km apart),Score 100 / same area,100,AI,2026-06-26
2906,Raj Infina,Raj Infinia,✓ High name similarity 95%; ✓ Same area: Malad West; ✓ Same coordinates (0.0km apart),Rule 3: name>=95% / same area / same coords,85,AI,2026-06-26
3364,Raheja Ascencio,Raheja Ascensio,✓ High name similarity 93%; ✓ Same area: Powai; ✓ Same developer: K. Raheja Group; ✓ Same coordinates (0.0km apart),Score 100 / same area,100,AI,2026-06-26
908,Rustomjee Seasons,Rustomjee Seasons - Wing D,✓ High name similarity 90%; ✓ Same area: Bandra East; ✓ Same developer: Rustomjee Group; ✓ Same coordinates (0.0km apart),Score 100 / same area,100,AI,2026-06-26
2115,Rustomjee,Rustomjee Elements,✓ High name similarity 90%; ✓ Same area: Juhu; ✓ Same developer: Rustomjee Group; ✓ Same coordinates (0.0km apart),Score 100 / same area,100,AI,2026-06-26
2266,Ruparel Sky Green,Ruparel Sky Greens,✓ High name similarity 97%; ✓ Same area: Kandivali West; ✓ Same developer: Ruparel Group; ✓ Same coordinates (0.0km apart),Rule 3: name>=95% / same area / same coords,100,AI,2026-06-26
2300,Runwal Bliss,Runwal Bliss - Phase,✓ High name similarity 90%; ✓ Same area: Kanjur Marg; ✓ Same developer: Runwal Group; ✓ Same coordinates (0.0km apart),Score 100 / same area,100,AI,2026-06-26
3093,Runwal Chestnut,Runwal,✓ High name similarity 90%; ✓ Same area: Mulund West; ✓ Same developer: Runwal Group; ✓ Same coordinates (0.0km apart),Score 100 / same area,100,AI,2026-06-26
3093,Runwal Greens,Runwal,✓ High name similarity 90%; ✓ Same area: Mulund West; ✓ Same developer: Runwal Group; ✓ Same coordinates (0.0km apart),Score 100 / same area,100,AI,2026-06-26
3093,Runwal Pinnacle,Runwal,✓ High name similarity 90%; ✓ Same area: Mulund West; ✓ Same developer: Runwal Group; ✓ Same coordinates (0.0km apart),Score 100 / same area,100,AI,2026-06-26
3227,Runwal Nirvana,Runwal Nirwana,✓ High name similarity 93%; ✓ Same area: Parel; ✓ Same developer: Runwal Group; ✓ Same coordinates (0.0km apart),Score 100 / same area,100,AI,2026-06-26
3467,Rustomjee Crown,Rustomjee Crown Tower A,✓ High name similarity 94%; ✓ Same area: Prabhadevi; ✓ Same developer: Rustomjee Group; ✓ Same coordinates (0.0km apart),Score 100 / same area,100,AI,2026-06-26
3467,Rustomjee Crown,Rustomjee Crown Tower B,✓ High name similarity 94%; ✓ Same area: Prabhadevi; ✓ Same developer: Rustomjee Group; ✓ Same coordinates (0.0km apart),Score 100 / same area,100,AI,2026-06-26
3467,Rustomjee Crown,Rustomjee Crown Tower C,✓ High name similarity 94%; ✓ Same area: Prabhadevi; ✓ Same developer: Rustomjee Group; ✓ Same coordinates (0.0km apart),Score 100 / same area,100,AI,2026-06-26
3467,Rustomjee Crown Tower A,Rustomjee Crown Tower B,✓ High name similarity 94%; ✓ Same area: Prabhadevi; ✓ Same developer: Rustomjee Group; ✓ Same coordinates (0.0km apart),Score 100 / same area,100,AI,2026-06-26
3467,Rustomjee Crown Tower A,Rustomjee Crown Tower C,✓ High name similarity 94%; ✓ Same area: Prabhadevi; ✓ Same developer: Rustomjee Group; ✓ Same coordinates (0.0km apart),Score 100 / same area,100,AI,2026-06-26
3467,Rustomjee Crown Tower B,Rustomjee Crown Tower C,✓ High name similarity 94%; ✓ Same area: Prabhadevi; ✓ Same developer: Rustomjee Group; ✓ Same coordinates (0.0km apart),Score 100 / same area,100,AI,2026-06-26
3979,Rustomjee Azziano,Rustomjee Azziano J Wing,✓ High name similarity 90%; ✓ Same area: Thane West; ✓ Same developer: Rustomjee Group; ✓ Same coordinates (0.0km apart),Score 100 / same area,100,AI,2026-06-26
4283,Runwal Reserve,Runwal Reserve ( Worli,✓ High name similarity 90%; ✓ Same area: Worli; ✓ Same developer: Runwal Group; ✓ Same coordinates (0.0km apart),Score 100 / same area,100,AI,2026-06-26
658,Samarth Deep,Samartha Deep,✓ High name similarity 96%; ✓ Same area: Andheri West; ✓ Same coordinates (0.0km apart),Rule 3: name>=95% / same area / same coords,85,AI,2026-06-26
675,Saujanya Rachanaa,Saujanya Rachnaa,✓ High name similarity 97%; ✓ Same area: Andheri West; ✓ Same coordinates (0.0km apart),Rule 3: name>=95% / same area / same coords,85,AI,2026-06-26
914,Shapoorji Pallonji,Shapoorji Pallonji BKC,✓ High name similarity 90%; ✓ Same area: Bandra East; ✓ Same developer: Shapoorji Pallonji; ✓ Same coordinates (0.0km apart),Score 100 / same area,100,AI,2026-06-26
3990,Sheth Avalon,Sheth Avalon G Wing,✓ High name similarity 90%; ✓ Same area: Thane West; ✓ Same developer: Sheth Developers; ✓ Same coordinates (0.0km apart),Score 100 / same area,100,AI,2026-06-26
1282,Sona Villa,Soona Villa,✓ High name similarity 95%; ✓ Same area: Bandra West; ✓ Same coordinates (0.0km apart),Rule 3: name>=95% / same area / same coords,85,AI,2026-06-26
2563,Sosar Solitaire,Sosar Solitare,✓ High name similarity 97%; ✓ Same area: Khar West; ✓ Same coordinates (0.0km apart),Rule 3: name>=95% / same area / same coords,85,AI,2026-06-26
1962,Sunteck City,Sunteck City Avenue,✓ High name similarity 90%; ✓ Same area: Goregaon West; ✓ Same developer: Sunteck Realty; ✓ Same coordinates (0.0km apart),Score 100 / same area,100,AI,2026-06-26
2569,Suraj Ashiana,Suraj Ashiyana Apartment,✓ High name similarity 96%; ✓ Same area: Khar West; ~ Partial developer info; ✓ Same coordinates (0.0km apart),Rule 3: name>=95% / same area / same coords,88,AI,2026-06-26
3480,Sumer Trinity,Summer Trinity,✓ High name similarity 96%; ✓ Same area: Prabhadevi; ✓ Same coordinates (0.0km apart),Rule 3: name>=95% / same area / same coords,85,AI,2026-06-26
747,Sweet Home,Sweet Homes,✓ High name similarity 95%; ✓ Same area: Andheri West; ✓ Same coordinates (0.0km apart),Rule 3: name>=95% / same area / same coords,85,AI,2026-06-26
153,Time Square,Times Square,✓ High name similarity 96%; ✓ Same area: Andheri East; ✓ Same coordinates (0.0km apart),Rule 3: name>=95% / same area / same coords,85,AI,2026-06-26
3236,Vardhaman Estate,Vardhman Estate,✓ High name similarity 97%; ✓ Same area: Parel; ✓ Same coordinates (0.0km apart),Rule 3: name>=95% / same area / same coords,85,AI,2026-06-26
2596,Viraj Bliss,Viraj-Bliss,✓ High name similarity 95%; ✓ Same area: Khar West; ✓ Same coordinates (0.0km apart),Rule 3: name>=95% / same area / same coords,85,AI,2026-06-26
3104,Wadhwa Atmosphere,Wadhwa Atmosphere O2,✓ High name similarity 92%; ✓ Same area: Mulund West; ✓ Same developer: Wadhwa Group; ✓ Same coordinates (0.0km apart),Score 100 / same area,100,AI,2026-06-26
167,Wellington Business Park 1,Wellington Business Park 2,✓ High name similarity 96%; ✓ Same area: Andheri East; ✓ Same coordinates (0.0km apart),Rule 3: name>=95% / same area / same coords,85,AI,2026-06-26
184,Adani Inspire,Adani Inspire Hub,✓ High name similarity 90%; ✓ Same area: Andheri West; ✓ Same developer: Adani Realty; ✓ Same coordinates (0.0km apart),Score 100 / same area,100,AI,2026-06-26
2148,Auriegae Residency,Aurigae Residency,✓ High name similarity 97%; ✓ Same area: Kandivali East; ✓ Same coordinates (0.0km apart),Rule 3: name>=95% / same area / same coords,85,AI,2026-06-26
233,Beverley Hills,Beverly Hills,✓ High name similarity 96%; ✓ Same area: Andheri West; ✓ Same coordinates (0.0km apart),Rule 3: name>=95% / same area / same coords,85,AI,2026-06-26
3759,Celestia Space,Celestia Spaces,✓ High name similarity 97%; ✓ Same area: Sewri; ✓ Same coordinates (0.0km apart),Rule 3: name>=95% / same area / same coords,85,AI,2026-06-26
269,Cosmos Plaza,Cosmos Plazza,✓ High name similarity 96%; ✓ Same area: Andheri West; ✓ Same coordinates (0.0km apart),Rule 3: name>=95% / same area / same coords,85,AI,2026-06-26
3422,Cosmo Majestic,Cosmos Majestic,✓ High name similarity 97%; ✓ Same area: Prabhadevi; ✓ Same coordinates (0.0km apart),Rule 3: name>=95% / same area / same coords,85,AI,2026-06-26
288,DLH Metro View,DLH Metroview,✓ High name similarity 96%; ✓ Same area: Andheri West; ✓ Same developer: DLH Group; ✓ Same coordinates (0.0km apart),Rule 3: name>=95% / same area / same coords,100,AI,2026-06-26
848,Ekta Everglades,Ektaa Everglades,✓ High name similarity 97%; ✓ Same area: Bandra West; ✓ Same developer: Ekta World; ✓ Same coordinates (0.0km apart),Rule 3: name>=95% / same area / same coords,100,AI,2026-06-26
1382,Ekta Bhoomi Garden,Ekta Bhoomi Garden III,✓ High name similarity 90%; ✓ Same area: Borivali East; ✓ Same developer: Ekta World; ✓ Same coordinates (0.0km apart),Score 100 / same area,100,AI,2026-06-26
1382,Ekta Bhoomi Garden,Ekta Bhoomi Gardens,✓ High name similarity 97%; ✓ Same area: Borivali East; ✓ Same developer: Ekta World; ✓ Same coordinates (0.0km apart),Rule 3: name>=95% / same area / same coords,100,AI,2026-06-26
331,Fair Link Centre,Fairlink Centre,✓ High name similarity 97%; ✓ Same area: Andheri West; ✓ Same coordinates (0.0km apart),Rule 3: name>=95% / same area / same coords,85,AI,2026-06-26
349,Golden Chamber,Golden Chambers,✓ High name similarity 97%; ✓ Same area: Andheri West; ✓ Same coordinates (0.0km apart),Rule 3: name>=95% / same area / same coords,85,AI,2026-06-26
3605,Gokul Shushma,Gokul Sushma,✓ High name similarity 96%; ✓ Same area: Santacruz West; ✓ Same coordinates (0.0km apart),Rule 3: name>=95% / same area / same coords,85,AI,2026-06-26
4060,Godrej Trees,Godrej Trees I,✓ High name similarity 92%; ✓ Same area: Vikhroli; ✓ Same developer: Godrej Properties; ✓ Same coordinates (0.0km apart),Score 100 / same area,100,AI,2026-06-26
386,Indra Darshan,Indradarshan,✓ High name similarity 96%; ✓ Same area: Andheri West; ✓ Same coordinates (0.0km apart),Rule 3: name>=95% / same area / same coords,85,AI,2026-06-26
389,Infinia Grand,Infinia Grande,✓ High name similarity 96%; ✓ Same area: Andheri West; ✓ Same coordinates (0.0km apart),Rule 3: name>=95% / same area / same coords,85,AI,2026-06-26
1747,Indiabulls Sky,Indiabulls Sky Forest,✓ High name similarity 90%; ✓ Same area: Lower Parel; ✓ Same developer: Indiabulls Real Estate; ✓ Same coordinates (0.0km apart),Score 100 / same area,100,AI,2026-06-26
2675,Indiabulls Sky,Indiabulls Sky Forest Prabhadevi A3,✓ High name similarity 90%; ✓ Same area: Lower Parel; ✓ Same developer: Indiabulls Real Estate; ✓ Same coordinates (0.0km apart),Score 100 / same area,100,AI,2026-06-26
2675,Indiabulls Sky Forest,Indiabulls Sky Forest Prabhadevi A3,✓ High name similarity 90%; ✓ Same area: Lower Parel; ✓ Same developer: Indiabulls Real Estate; ✓ Same coordinates (0.0km apart),Score 100 / same area,100,AI,2026-06-26
386,Indra Darshan,Indradarshan,✓ High name similarity 96%; ✓ Same area: Oshiwara; ✓ Same coordinates (0.0km apart),Rule 3: name>=95% / same area / same coords,85,AI,2026-06-26
4225,India Bulls Blue,Indiabulls Blu,✓ High name similarity 93%; ✓ Same area: Worli; ✓ Same developer: Indiabulls Real Estate; ✓ Same coordinates (0.0km apart),Score 100 / same area,100,AI,2026-06-26
396,Janaki Centre,Janki Centre,✓ High name similarity 96%; ✓ Same area: Andheri West; ✓ Same coordinates (0.0km apart),Rule 3: name>=95% / same area / same coords,85,AI,2026-06-26
1385,Jaliyan Height,Jaliyan Heights,✓ High name similarity 97%; ✓ Same area: Borivali East; ✓ Same coordinates (0.0km apart),Rule 3: name>=95% / same area / same coords,85,AI,2026-06-26
2240,Jeevan Deep,Jeevandeep,✓ High name similarity 95%; ✓ Same area: Kandivali West; ✓ Same coordinates (0.0km apart),Rule 3: name>=95% / same area / same coords,85,AI,2026-06-26
437,Lashkaria Green Heights,Lashkarya Green Heights,✓ High name similarity 96%; ✓ Same area: Andheri West; ✓ Same coordinates (0.0km apart),Rule 3: name>=95% / same area / same coords,85,AI,2026-06-26
3209,LandT Crescent Bay,"LandT Crescent Bay, Parel",✓ High name similarity 90%; ✓ Same area: Parel; ✓ Same developer: L&T Realty; ✓ Same coordinates (0.0km apart),Score 100 / same area,100,AI,2026-06-26
3330,LandT Veridian,LandT Veridian Powai,✓ High name similarity 90%; ✓ Same area: Powai; ✓ Same developer: L&T Realty; ✓ Same coordinates (0.0km apart),Score 100 / same area,100,AI,2026-06-26
525,Neptune Apartment,Neptune Apartments,✓ High name similarity 93%; ✓ Same area: Andheri West; ✓ Same developer: Neptune Group; ✓ Same coordinates (0.0km apart),Score 100 / same area,100,AI,2026-06-26
805,Wind Space Amelio,Windspace Amelio,✓ High name similarity 97%; ✓ Same area: Andheri West; ✓ Same coordinates (0.0km apart),Rule 3: name>=95% / same area / same coords,85,AI,2026-06-26
807,Windsor Grande Residence,Windsor Grande Residences,✓ High name similarity 98%; ✓ Same area: Andheri West; ✓ Same coordinates (0.0km apart),Rule 3: name>=95% / same area / same coords,85,AI,2026-06-26
0,Windspace Amelio,Winspace Amelio,✓ High name similarity 97%; ✓ Same area: Andheri West; ✓ Same coordinates (0.0km apart),Rule 3: name>=95% / same area / same coords,85,AI,2026-06-26
3755,Woodstock Garden,Woodstock Gardens,✓ High name similarity 97%; ✓ Same area: Santacruz West; ✓ Same coordinates (0.0km apart),Rule 3: name>=95% / same area / same coords,85,AI,2026-06-26
2671,Darshan Ricco,Darshan Rico,✓ High name similarity 96%; ✓ Same area: Lower Parel; ✓ Same coordinates (0.0km apart),Rule 3: name>=95% / same area / same coords,85,AI,2026-06-26
3859,Dosti Imperia,Dosti Imperia Gracia,✓ High name similarity 90%; ✓ Same area: Thane West; ✓ Same developer: Dosti Realty; ✓ Same coordinates (0.0km apart),Score 100 / same area,100,AI,2026-06-26
3863,Dosti West County,Dosti West County - Dosti Cedar,✓ High name similarity 90%; ✓ Same area: Thane West; ✓ Same developer: Dosti Realty; ✓ Same coordinates (0.0km apart),Score 100 / same area,100,AI,2026-06-26
3863,Dosti West County,Dosti West County Heron,✓ High name similarity 90%; ✓ Same area: Thane West; ✓ Same developer: Dosti Realty; ✓ Same coordinates (0.0km apart),Score 100 / same area,100,AI,2026-06-26
3863,Dosti West County,Dosti West County Olive,✓ High name similarity 90%; ✓ Same area: Thane West; ✓ Same developer: Dosti Realty; ✓ Same coordinates (0.0km apart),Score 100 / same area,100,AI,2026-06-26
1662,Island City Centre 1,Island City Centre 2,✓ High name similarity 95%; ✓ Same area: Dadar East; ✓ Same coordinates (0.0km apart),Rule 3: name>=95% / same area / same coords,85,AI,2026-06-26
3490,Udhyan Darshan,Udyan Darshan,✓ High name similarity 96%; ✓ Same area: Prabhadevi; ✓ Same coordinates (0.0km apart),Rule 3: name>=95% / same area / same coords,85,AI,2026-06-26
2100,Oyster Shell I,Oyster Shell II,✓ High name similarity 97%; ✓ Same area: Juhu; ✓ Same coordinates (0.0km apart),Rule 3: name>=95% / same area / same coords,85,AI,2026-06-26
